day,vix1d_anchor,snap_pt,side,target_delta,D,spot,half_day
2025-12-24,6.87,06:35,p,0.05,3.9908,6912.52,1
2025-12-24,6.87,06:35,p,0.1,2.6769,6912.52,1
2025-12-24,6.87,06:35,p,0.15,1.9481,6912.52,1
2025-12-24,6.87,06:35,p,0.2,1.5199,6912.52,1
2025-12-24,6.87,06:35,p,0.25,1.1818,6912.52,1
2025-12-24,6.87,06:35,p,0.3,0.8993,6912.52,1
2025-12-24,6.87,06:35,c,0.05,2.9535,6912.52,1
2025-12-24,6.87,06:35,c,0.1,2.0628,6912.52,1
2025-12-24,6.87,06:35,c,0.15,1.652,6912.52,1
2025-12-24,6.87,06:35,c,0.2,1.302,6912.52,1
2025-12-24,6.87,06:35,c,0.25,1.0412,6912.52,1
2025-12-24,6.87,06:35,c,0.3,0.784,6912.52,1
2025-12-24,6.87,08:00,p,0.05,2.2703,6923.54,1
2025-12-24,6.87,08:00,p,0.1,1.4602,6923.54,1
2025-12-24,6.87,08:00,p,0.15,1.0708,6923.54,1
2025-12-24,6.87,08:00,p,0.2,0.869,6923.54,1
2025-12-24,6.87,08:00,p,0.25,0.6672,6923.54,1
2025-12-24,6.87,08:00,c,0.05,2.8245,6923.54,1
2025-12-24,6.87,08:00,c,0.1,1.6609,6923.54,1
2025-12-24,6.87,08:00,c,0.15,1.3119,6923.54,1
2025-12-24,6.87,08:00,c,0.2,1.0063,6923.54,1
2025-12-24,6.87,08:00,c,0.25,0.7608,6923.54,1
2025-12-24,6.87,08:00,c,0.3,0.5479,6923.54,1
2026-01-07,7.87,06:35,p,0.05,4.4289,6945.7,0
2026-01-07,7.87,06:35,p,0.1,2.9456,6945.7,0
2026-01-07,7.87,06:35,p,0.15,2.2108,6945.7,0
2026-01-07,7.87,06:35,p,0.2,1.7049,6945.7,0
2026-01-07,7.87,06:35,p,0.25,1.3525,6945.7,0
2026-01-07,7.87,06:35,p,0.3,1.1169,6945.7,0
2026-01-07,7.87,06:35,c,0.05,2.6448,6945.7,0
2026-01-07,7.87,06:35,c,0.1,2.0844,6945.7,0
2026-01-07,7.87,06:35,c,0.15,1.6842,6945.7,0
2026-01-07,7.87,06:35,c,0.2,1.3939,6945.7,0
2026-01-07,7.87,06:35,c,0.25,1.0555,6945.7,0
2026-01-07,7.87,06:35,c,0.3,0.8358,6945.7,0
2026-01-07,7.87,08:00,p,0.05,3.6249,6951.38,0
2026-01-07,7.87,08:00,p,0.1,2.4427,6951.38,0
2026-01-07,7.87,08:00,p,0.15,1.8385,6951.38,0
2026-01-07,7.87,08:00,p,0.2,1.4658,6951.38,0
2026-01-07,7.87,08:00,p,0.25,1.1472,6951.38,0
2026-01-07,7.87,08:00,p,0.3,0.7988,6951.38,0
2026-01-07,7.87,08:00,c,0.05,2.3238,6951.38,0
2026-01-07,7.87,08:00,c,0.1,1.7828,6951.38,0
2026-01-07,7.87,08:00,c,0.15,1.4114,6951.38,0
2026-01-07,7.87,08:00,c,0.2,1.1695,6951.38,0
2026-01-07,7.87,08:00,c,0.25,0.9451,6951.38,0
2026-01-07,7.87,08:00,c,0.3,0.7399,6951.38,0
2026-01-07,7.87,10:00,p,0.05,3.3432,6955.96,0
2026-01-07,7.87,10:00,p,0.1,2.2817,6955.96,0
2026-01-07,7.87,10:00,p,0.15,1.6716,6955.96,0
2026-01-07,7.87,10:00,p,0.2,1.3107,6955.96,0
2026-01-07,7.87,10:00,p,0.25,1.0074,6955.96,0
2026-01-07,7.87,10:00,p,0.3,0.7574,6955.96,0
2026-01-07,7.87,10:00,c,0.05,2.3541,6955.96,0
2026-01-07,7.87,10:00,c,0.1,1.7444,6955.96,0
2026-01-07,7.87,10:00,c,0.15,1.3753,6955.96,0
2026-01-07,7.87,10:00,c,0.2,1.1128,6955.96,0
2026-01-07,7.87,10:00,c,0.25,0.8635,6955.96,0
2026-01-07,7.87,10:00,c,0.3,0.6835,6955.96,0
2026-01-07,7.87,12:00,p,0.05,3.8074,6943.39,0
2026-01-07,7.87,12:00,p,0.1,2.4693,6943.39,0
2026-01-07,7.87,12:00,p,0.15,1.9157,6943.39,0
2026-01-07,7.87,12:00,p,0.2,1.4655,6943.39,0
2026-01-07,7.87,12:00,p,0.25,1.1791,6943.39,0
2026-01-07,7.87,12:00,p,0.3,0.9037,6943.39,0
2026-01-07,7.87,12:00,c,0.05,2.7192,6943.39,0
2026-01-07,7.87,12:00,c,0.1,1.961,6943.39,0
2026-01-07,7.87,12:00,c,0.15,1.623,6943.39,0
2026-01-07,7.87,12:00,c,0.2,1.285,6943.39,0
2026-01-07,7.87,12:00,c,0.25,1.0198,6943.39,0
2026-01-07,7.87,12:00,c,0.3,0.8147,6943.39,0
2025-09-09,8.37,06:35,p,0.05,4.3222,6502.41,0
2025-09-09,8.37,06:35,p,0.1,3.0626,6502.41,0
2025-09-09,8.37,06:35,p,0.15,2.3174,6502.41,0
2025-09-09,8.37,06:35,p,0.2,1.7978,6502.41,0
2025-09-09,8.37,06:35,p,0.25,1.3655,6502.41,0
2025-09-09,8.37,06:35,p,0.3,1.0407,6502.41,0
2025-09-09,8.37,06:35,c,0.05,2.6614,6502.41,0
2025-09-09,8.37,06:35,c,0.1,2.0199,6502.41,0
2025-09-09,8.37,06:35,c,0.15,1.6407,6502.41,0
2025-09-09,8.37,06:35,c,0.2,1.3534,6502.41,0
2025-09-09,8.37,06:35,c,0.25,1.1125,6502.41,0
2025-09-09,8.37,06:35,c,0.3,0.8922,6502.41,0
2025-09-09,8.37,08:00,p,0.05,3.4927,6493.54,0
2025-09-09,8.37,08:00,p,0.1,2.4208,6493.54,0
2025-09-09,8.37,08:00,p,0.15,1.8532,6493.54,0
2025-09-09,8.37,08:00,p,0.2,1.4285,6493.54,0
2025-09-09,8.37,08:00,p,0.25,1.1059,6493.54,0
2025-09-09,8.37,08:00,p,0.3,0.8334,6493.54,0
2025-09-09,8.37,08:00,c,0.05,2.456,6493.54,0
2025-09-09,8.37,08:00,c,0.1,1.7963,6493.54,0
2025-09-09,8.37,08:00,c,0.15,1.4407,6493.54,0
2025-09-09,8.37,08:00,c,0.2,1.1717,6493.54,0
2025-09-09,8.37,08:00,c,0.25,0.9562,6493.54,0
2025-09-09,8.37,08:00,c,0.3,0.7581,6493.54,0
2025-09-09,8.37,10:00,p,0.05,3.2815,6500.8,0
2025-09-09,8.37,10:00,p,0.1,2.1517,6500.8,0
2025-09-09,8.37,10:00,p,0.15,1.6199,6500.8,0
2025-09-09,8.37,10:00,p,0.2,1.2626,6500.8,0
2025-09-09,8.37,10:00,p,0.25,0.9685,6500.8,0
2025-09-09,8.37,10:00,p,0.3,0.7333,6500.8,0
2025-09-09,8.37,10:00,c,0.05,2.4909,6500.8,0
2025-09-09,8.37,10:00,c,0.1,1.8036,6500.8,0
2025-09-09,8.37,10:00,c,0.15,1.3722,6500.8,0
2025-09-09,8.37,10:00,c,0.2,1.1229,6500.8,0
2025-09-09,8.37,10:00,c,0.25,0.884,6500.8,0
2025-09-09,8.37,10:00,c,0.3,0.699,6500.8,0
2025-09-09,8.37,12:00,p,0.05,3.2428,6508.6,0
2025-09-09,8.37,12:00,p,0.1,2.0847,6508.6,0
2025-09-09,8.37,12:00,p,0.15,1.5174,6508.6,0
2025-09-09,8.37,12:00,p,0.2,1.2241,6508.6,0
2025-09-09,8.37,12:00,p,0.25,0.9516,6508.6,0
2025-09-09,8.37,12:00,p,0.3,0.679,6508.6,0
2025-09-09,8.37,12:00,c,0.05,2.8182,6508.6,0
2025-09-09,8.37,12:00,c,0.1,1.8096,6508.6,0
2025-09-09,8.37,12:00,c,0.15,1.4138,6508.6,0
2025-09-09,8.37,12:00,c,0.2,1.0627,6508.6,0
2025-09-09,8.37,12:00,c,0.25,0.8839,6508.6,0
2025-09-09,8.37,12:00,c,0.3,0.7051,6508.6,0
2025-10-07,8.65,06:35,p,0.05,3.6881,6753.65,0
2025-10-07,8.65,06:35,p,0.1,2.5198,6753.65,0
2025-10-07,8.65,06:35,p,0.15,1.781,6753.65,0
2025-10-07,8.65,06:35,p,0.2,1.4558,6753.65,0
2025-10-07,8.65,06:35,p,0.25,1.1229,6753.65,0
2025-10-07,8.65,06:35,p,0.3,0.8415,6753.65,0
2025-10-07,8.65,06:35,c,0.05,2.2956,6753.65,0
2025-10-07,8.65,06:35,c,0.1,1.7732,6753.65,0
2025-10-07,8.65,06:35,c,0.15,1.3235,6753.65,0
2025-10-07,8.65,06:35,c,0.2,1.1348,6753.65,0
2025-10-07,8.65,06:35,c,0.25,0.9439,6753.65,0
2025-10-07,8.65,06:35,c,0.3,0.7504,6753.65,0
2025-10-07,8.65,08:00,p,0.05,3.2615,6732.71,0
2025-10-07,8.65,08:00,p,0.1,2.2254,6732.71,0
2025-10-07,8.65,08:00,p,0.15,1.715,6732.71,0
2025-10-07,8.65,08:00,p,0.2,1.3506,6732.71,0
2025-10-07,8.65,08:00,p,0.25,1.0532,6732.71,0
2025-10-07,8.65,08:00,p,0.3,0.7989,6732.71,0
2025-10-07,8.65,08:00,c,0.05,2.2745,6732.71,0
2025-10-07,8.65,08:00,c,0.1,1.7526,6732.71,0
2025-10-07,8.65,08:00,c,0.15,1.3893,6732.71,0
2025-10-07,8.65,08:00,c,0.2,1.1302,6732.71,0
2025-10-07,8.65,08:00,c,0.25,0.9102,6732.71,0
2025-10-07,8.65,08:00,c,0.3,0.7214,6732.71,0
2025-10-07,8.65,10:00,p,0.05,5.2865,6707.23,0
2025-10-07,8.65,10:00,p,0.1,3.3178,6707.23,0
2025-10-07,8.65,10:00,p,0.15,2.376,6707.23,0
2025-10-07,8.65,10:00,p,0.2,1.8288,6707.23,0
2025-10-07,8.65,10:00,p,0.25,1.4118,6707.23,0
2025-10-07,8.65,10:00,p,0.3,1.0723,6707.23,0
2025-10-07,8.65,10:00,c,0.05,3.1994,6707.23,0
2025-10-07,8.65,10:00,c,0.1,2.4098,6707.23,0
2025-10-07,8.65,10:00,c,0.15,1.9454,6707.23,0
2025-10-07,8.65,10:00,c,0.2,1.5712,6707.23,0
2025-10-07,8.65,10:00,c,0.25,1.2972,6707.23,0
2025-10-07,8.65,10:00,c,0.3,1.0246,6707.23,0
2025-10-07,8.65,12:00,p,0.05,3.7564,6714.4,0
2025-10-07,8.65,12:00,p,0.1,2.4907,6714.4,0
2025-10-07,8.65,12:00,p,0.15,1.9437,6714.4,0
2025-10-07,8.65,12:00,p,0.2,1.5013,6714.4,0
2025-10-07,8.65,12:00,p,0.25,1.2201,6714.4,0
2025-10-07,8.65,12:00,p,0.3,0.9389,6714.4,0
2025-10-07,8.65,12:00,c,0.05,3.1291,6714.4,0
2025-10-07,8.65,12:00,c,0.1,2.2728,6714.4,0
2025-10-07,8.65,12:00,c,0.15,1.7354,6714.4,0
2025-10-07,8.65,12:00,c,0.2,1.4189,6714.4,0
2025-10-07,8.65,12:00,c,0.25,1.1141,6714.4,0
2025-10-07,8.65,12:00,c,0.3,0.8376,6714.4,0
2025-09-23,8.9,06:35,p,0.05,3.403,6695.76,0
2025-09-23,8.9,06:35,p,0.1,2.2998,6695.76,0
2025-09-23,8.9,06:35,p,0.15,1.7273,6695.76,0
2025-09-23,8.9,06:35,p,0.2,1.358,6695.76,0
2025-09-23,8.9,06:35,p,0.25,1.0209,6695.76,0
2025-09-23,8.9,06:35,p,0.3,0.7785,6695.76,0
2025-09-23,8.9,06:35,c,0.05,2.4101,6695.76,0
2025-09-23,8.9,06:35,c,0.1,1.7128,6695.76,0
2025-09-23,8.9,06:35,c,0.15,1.3439,6695.76,0
2025-09-23,8.9,06:35,c,0.2,1.0933,6695.76,0
2025-09-23,8.9,06:35,c,0.25,0.885,6695.76,0
2025-09-23,8.9,06:35,c,0.3,0.6998,6695.76,0
2025-09-23,8.9,08:00,p,0.05,3.0882,6689.07,0
2025-09-23,8.9,08:00,p,0.1,2.0978,6689.07,0
2025-09-23,8.9,08:00,p,0.15,1.5951,6689.07,0
2025-09-23,8.9,08:00,p,0.2,1.2364,6689.07,0
2025-09-23,8.9,08:00,p,0.25,0.9478,6689.07,0
2025-09-23,8.9,08:00,p,0.3,0.7166,6689.07,0
2025-09-23,8.9,08:00,c,0.05,2.2889,6689.07,0
2025-09-23,8.9,08:00,c,0.1,1.712,6689.07,0
2025-09-23,8.9,08:00,c,0.15,1.3296,6689.07,0
2025-09-23,8.9,08:00,c,0.2,1.053,6689.07,0
2025-09-23,8.9,08:00,c,0.25,0.8379,6689.07,0
2025-09-23,8.9,08:00,c,0.3,0.6511,6689.07,0
2025-09-23,8.9,10:00,p,0.05,3.4406,6678.08,0
2025-09-23,8.9,10:00,p,0.1,2.3825,6678.08,0
2025-09-23,8.9,10:00,p,0.15,1.8196,6678.08,0
2025-09-23,8.9,10:00,p,0.2,1.4221,6678.08,0
2025-09-23,8.9,10:00,p,0.25,1.1004,6678.08,0
2025-09-23,8.9,10:00,p,0.3,0.8367,6678.08,0
2025-09-23,8.9,10:00,c,0.05,2.6987,6678.08,0
2025-09-23,8.9,10:00,c,0.1,1.9601,6678.08,0
2025-09-23,8.9,10:00,c,0.15,1.5508,6678.08,0
2025-09-23,8.9,10:00,c,0.2,1.264,6678.08,0
2025-09-23,8.9,10:00,c,0.25,1.0048,6678.08,0
2025-09-23,8.9,10:00,c,0.3,0.7872,6678.08,0
2025-09-23,8.9,12:00,p,0.05,5.6995,6647.08,0
2025-09-23,8.9,12:00,p,0.1,3.177,6647.08,0
2025-09-23,8.9,12:00,p,0.15,2.3668,6647.08,0
2025-09-23,8.9,12:00,p,0.2,1.8388,6647.08,0
2025-09-23,8.9,12:00,p,0.25,1.4607,6647.08,0
2025-09-23,8.9,12:00,p,0.3,1.0922,6647.08,0
2025-09-23,8.9,12:00,c,0.05,3.3431,6647.08,0
2025-09-23,8.9,12:00,c,0.1,2.556,6647.08,0
2025-09-23,8.9,12:00,c,0.15,1.997,6647.08,0
2025-09-23,8.9,12:00,c,0.2,1.6428,6647.08,0
2025-09-23,8.9,12:00,c,0.25,1.2887,6647.08,0
2025-09-23,8.9,12:00,c,0.3,1.0156,6647.08,0
2026-06-03,9.08,06:35,p,0.05,3.9568,7598.53,0
2026-06-03,9.08,06:35,p,0.1,2.7471,7598.53,0
2026-06-03,9.08,06:35,p,0.15,2.0676,7598.53,0
2026-06-03,9.08,06:35,p,0.2,1.6135,7598.53,0
2026-06-03,9.08,06:35,p,0.25,1.252,7598.53,0
2026-06-03,9.08,06:35,p,0.3,0.9541,7598.53,0
2026-06-03,9.08,06:35,c,0.05,2.3477,7598.53,0
2026-06-03,9.08,06:35,c,0.1,1.8155,7598.53,0
2026-06-03,9.08,06:35,c,0.15,1.4624,7598.53,0
2026-06-03,9.08,06:35,c,0.2,1.2082,7598.53,0
2026-06-03,9.08,06:35,c,0.25,0.9604,7598.53,0
2026-06-03,9.08,06:35,c,0.3,0.7498,7598.53,0
2026-06-03,9.08,08:00,p,0.05,3.2808,7577.31,0
2026-06-03,9.08,08:00,p,0.1,2.2268,7577.31,0
2026-06-03,9.08,08:00,p,0.15,1.69,7577.31,0
2026-06-03,9.08,08:00,p,0.2,1.3391,7577.31,0
2026-06-03,9.08,08:00,p,0.25,1.0733,7577.31,0
2026-06-03,9.08,08:00,p,0.3,0.7834,7577.31,0
2026-06-03,9.08,08:00,c,0.05,2.6119,7577.31,0
2026-06-03,9.08,08:00,c,0.1,1.9167,7577.31,0
2026-06-03,9.08,08:00,c,0.15,1.551,7577.31,0
2026-06-03,9.08,08:00,c,0.2,1.245,7577.31,0
2026-06-03,9.08,08:00,c,0.25,0.9941,7577.31,0
2026-06-03,9.08,08:00,c,0.3,0.7916,7577.31,0
2026-06-03,9.08,10:00,p,0.05,2.9901,7567.06,0
2026-06-03,9.08,10:00,p,0.1,2.1342,7567.06,0
2026-06-03,9.08,10:00,p,0.15,1.5869,7567.06,0
2026-06-03,9.08,10:00,p,0.2,1.2559,7567.06,0
2026-06-03,9.08,10:00,p,0.25,0.9373,7567.06,0
2026-06-03,9.08,10:00,p,0.3,0.7363,7567.06,0
2026-06-03,9.08,10:00,c,0.05,2.9636,7567.06,0
2026-06-03,9.08,10:00,c,0.1,2.1214,7567.06,0
2026-06-03,9.08,10:00,c,0.15,1.5697,7567.06,0
2026-06-03,9.08,10:00,c,0.2,1.2616,7567.06,0
2026-06-03,9.08,10:00,c,0.25,1.026,7567.06,0
2026-06-03,9.08,10:00,c,0.3,0.7941,7567.06,0
2026-06-03,9.08,12:00,p,0.05,2.5412,7571.96,0
2026-06-03,9.08,12:00,p,0.1,1.8619,7571.96,0
2026-06-03,9.08,12:00,p,0.15,1.4295,7571.96,0
2026-06-03,9.08,12:00,p,0.2,1.1144,7571.96,0
2026-06-03,9.08,12:00,p,0.25,0.8613,7571.96,0
2026-06-03,9.08,12:00,p,0.3,0.6781,7571.96,0
2026-06-03,9.08,12:00,c,0.05,2.5619,7571.96,0
2026-06-03,9.08,12:00,c,0.1,1.7327,7571.96,0
2026-06-03,9.08,12:00,c,0.15,1.4192,7571.96,0
2026-06-03,9.08,12:00,c,0.2,1.1057,7571.96,0
2026-06-03,9.08,12:00,c,0.25,0.9028,7571.96,0
2026-06-03,9.08,12:00,c,0.3,0.7041,7571.96,0
2025-08-13,9.28,06:35,p,0.05,3.7202,6470.14,0
2025-08-13,9.28,06:35,p,0.1,2.5632,6470.14,0
2025-08-13,9.28,06:35,p,0.15,1.9641,6470.14,0
2025-08-13,9.28,06:35,p,0.2,1.46,6470.14,0
2025-08-13,9.28,06:35,p,0.25,1.1253,6470.14,0
2025-08-13,9.28,06:35,p,0.3,0.8406,6470.14,0
2025-08-13,9.28,06:35,c,0.05,2.327,6470.14,0
2025-08-13,9.28,06:35,c,0.1,1.7247,6470.14,0
2025-08-13,9.28,06:35,c,0.15,1.4037,6470.14,0
2025-08-13,9.28,06:35,c,0.2,1.1502,6470.14,0
2025-08-13,9.28,06:35,c,0.25,0.9412,6470.14,0
2025-08-13,9.28,06:35,c,0.3,0.7409,6470.14,0
2025-08-13,9.28,08:00,p,0.05,3.812,6456.08,0
2025-08-13,9.28,08:00,p,0.1,2.4505,6456.08,0
2025-08-13,9.28,08:00,p,0.15,1.8577,6456.08,0
2025-08-13,9.28,08:00,p,0.2,1.3911,6456.08,0
2025-08-13,9.28,08:00,p,0.25,1.1224,6456.08,0
2025-08-13,9.28,08:00,p,0.3,0.8307,6456.08,0
2025-08-13,9.28,08:00,c,0.05,2.4753,6456.08,0
2025-08-13,9.28,08:00,c,0.1,1.8262,6456.08,0
2025-08-13,9.28,08:00,c,0.15,1.4522,6456.08,0
2025-08-13,9.28,08:00,c,0.2,1.1722,6456.08,0
2025-08-13,9.28,08:00,c,0.25,0.9328,6456.08,0
2025-08-13,9.28,08:00,c,0.3,0.737,6456.08,0
2025-08-13,9.28,10:00,p,0.05,3.441,6447.77,0
2025-08-13,9.28,10:00,p,0.1,2.3815,6447.77,0
2025-08-13,9.28,10:00,p,0.15,1.7378,6447.77,0
2025-08-13,9.28,10:00,p,0.2,1.3783,6447.77,0
2025-08-13,9.28,10:00,p,0.25,1.0981,6447.77,0
2025-08-13,9.28,10:00,p,0.3,0.8478,6447.77,0
2025-08-13,9.28,10:00,c,0.05,2.3774,6447.77,0
2025-08-13,9.28,10:00,c,0.1,1.6517,6447.77,0
2025-08-13,9.28,10:00,c,0.15,1.3271,6447.77,0
2025-08-13,9.28,10:00,c,0.2,1.065,6447.77,0
2025-08-13,9.28,10:00,c,0.25,0.8853,6447.77,0
2025-08-13,9.28,10:00,c,0.3,0.7056,6447.77,0
2025-08-13,9.28,12:00,p,0.05,3.3967,6458.08,0
2025-08-13,9.28,12:00,p,0.1,2.3477,6458.08,0
2025-08-13,9.28,12:00,p,0.15,1.8321,6458.08,0
2025-08-13,9.28,12:00,p,0.2,1.4432,6458.08,0
2025-08-13,9.28,12:00,p,0.25,1.1288,6458.08,0
2025-08-13,9.28,12:00,p,0.3,0.8794,6458.08,0
2025-08-13,9.28,12:00,c,0.05,2.7551,6458.08,0
2025-08-13,9.28,12:00,c,0.1,1.9099,6458.08,0
2025-08-13,9.28,12:00,c,0.15,1.5457,6458.08,0
2025-08-13,9.28,12:00,c,0.2,1.2097,6458.08,0
2025-08-13,9.28,12:00,c,0.25,0.9573,6458.08,0
2025-08-13,9.28,12:00,c,0.3,0.7571,6458.08,0
2025-07-11,9.39,06:35,p,0.05,4.3192,6247.99,0
2025-07-11,9.39,06:35,p,0.1,3.0249,6247.99,0
2025-07-11,9.39,06:35,p,0.15,2.3368,6247.99,0
2025-07-11,9.39,06:35,p,0.2,1.8636,6247.99,0
2025-07-11,9.39,06:35,p,0.25,1.4458,6247.99,0
2025-07-11,9.39,06:35,p,0.3,1.0898,6247.99,0
2025-07-11,9.39,06:35,c,0.05,3.0015,6247.99,0
2025-07-11,9.39,06:35,c,0.1,2.3046,6247.99,0
2025-07-11,9.39,06:35,c,0.15,1.8731,6247.99,0
2025-07-11,9.39,06:35,c,0.2,1.5485,6247.99,0
2025-07-11,9.39,06:35,c,0.25,1.2602,6247.99,0
2025-07-11,9.39,06:35,c,0.3,0.9912,6247.99,0
2025-07-11,9.39,08:00,p,0.05,3.5095,6260.12,0
2025-07-11,9.39,08:00,p,0.1,2.5407,6260.12,0
2025-07-11,9.39,08:00,p,0.15,1.93,6260.12,0
2025-07-11,9.39,08:00,p,0.2,1.4827,6260.12,0
2025-07-11,9.39,08:00,p,0.25,1.1736,6260.12,0
2025-07-11,9.39,08:00,p,0.3,0.8872,6260.12,0
2025-07-11,9.39,08:00,c,0.05,2.7348,6260.12,0
2025-07-11,9.39,08:00,c,0.1,2.0264,6260.12,0
2025-07-11,9.39,08:00,c,0.15,1.626,6260.12,0
2025-07-11,9.39,08:00,c,0.2,1.3209,6260.12,0
2025-07-11,9.39,08:00,c,0.25,1.069,6260.12,0
2025-07-11,9.39,08:00,c,0.3,0.8491,6260.12,0
2025-07-11,9.39,10:00,p,0.05,3.7897,6264.84,0
2025-07-11,9.39,10:00,p,0.1,2.653,6264.84,0
2025-07-11,9.39,10:00,p,0.15,1.9974,6264.84,0
2025-07-11,9.39,10:00,p,0.2,1.5536,6264.84,0
2025-07-11,9.39,10:00,p,0.25,1.2028,6264.84,0
2025-07-11,9.39,10:00,p,0.3,0.8986,6264.84,0
2025-07-11,9.39,10:00,c,0.05,2.4818,6264.84,0
2025-07-11,9.39,10:00,c,0.1,1.8162,6264.84,0
2025-07-11,9.39,10:00,c,0.15,1.4763,6264.84,0
2025-07-11,9.39,10:00,c,0.2,1.205,6264.84,0
2025-07-11,9.39,10:00,c,0.25,0.9561,6264.84,0
2025-07-11,9.39,10:00,c,0.3,0.7576,6264.84,0
2025-07-11,9.39,12:00,p,0.05,4.3856,6264.75,0
2025-07-11,9.39,12:00,p,0.1,2.6252,6264.75,0
2025-07-11,9.39,12:00,p,0.15,2.0417,6264.75,0
2025-07-11,9.39,12:00,p,0.2,1.5832,6264.75,0
2025-07-11,9.39,12:00,p,0.25,1.2562,6264.75,0
2025-07-11,9.39,12:00,p,0.3,0.9391,6264.75,0
2025-07-11,9.39,12:00,c,0.05,2.5751,6264.75,0
2025-07-11,9.39,12:00,c,0.1,1.8956,6264.75,0
2025-07-11,9.39,12:00,c,0.15,1.4881,6264.75,0
2025-07-11,9.39,12:00,c,0.2,1.2286,6264.75,0
2025-07-11,9.39,12:00,c,0.25,0.9691,6264.75,0
2025-07-11,9.39,12:00,c,0.3,0.7449,6264.75,0
2026-02-03,9.62,06:35,p,0.05,4.326,6983.77,0
2026-02-03,9.62,06:35,p,0.1,2.9645,6983.77,0
2026-02-03,9.62,06:35,p,0.15,2.2331,6983.77,0
2026-02-03,9.62,06:35,p,0.2,1.7186,6983.77,0
2026-02-03,9.62,06:35,p,0.25,1.3029,6983.77,0
2026-02-03,9.62,06:35,p,0.3,1.0228,6983.77,0
2026-02-03,9.62,06:35,c,0.05,2.412,6983.77,0
2026-02-03,9.62,06:35,c,0.1,1.9011,6983.77,0
2026-02-03,9.62,06:35,c,0.15,1.5675,6983.77,0
2026-02-03,9.62,06:35,c,0.2,1.3039,6983.77,0
2026-02-03,9.62,06:35,c,0.25,1.0765,6983.77,0
2026-02-03,9.62,06:35,c,0.3,0.8551,6983.77,0
2026-02-03,9.62,08:00,p,0.05,4.6296,6953.38,0
2026-02-03,9.62,08:00,p,0.1,3.13,6953.38,0
2026-02-03,9.62,08:00,p,0.15,2.358,6953.38,0
2026-02-03,9.62,08:00,p,0.2,1.8555,6953.38,0
2026-02-03,9.62,08:00,p,0.25,1.4081,6953.38,0
2026-02-03,9.62,08:00,p,0.3,1.0836,6953.38,0
2026-02-03,9.62,08:00,c,0.05,3.1701,6953.38,0
2026-02-03,9.62,08:00,c,0.1,2.3899,6953.38,0
2026-02-03,9.62,08:00,c,0.15,1.9201,6953.38,0
2026-02-03,9.62,08:00,c,0.2,1.5575,6953.38,0
2026-02-03,9.62,08:00,c,0.25,1.2584,6953.38,0
2026-02-03,9.62,08:00,c,0.3,0.9911,6953.38,0
2026-02-03,9.62,10:00,p,0.05,6.0476,6898.63,0
2026-02-03,9.62,10:00,p,0.1,4.2685,6898.63,0
2026-02-03,9.62,10:00,p,0.15,3.4094,6898.63,0
2026-02-03,9.62,10:00,p,0.2,2.7509,6898.63,0
2026-02-03,9.62,10:00,p,0.25,2.1594,6898.63,0
2026-02-03,9.62,10:00,p,0.3,1.6545,6898.63,0
2026-02-03,9.62,10:00,c,0.05,4.3204,6898.63,0
2026-02-03,9.62,10:00,c,0.1,3.2516,6898.63,0
2026-02-03,9.62,10:00,c,0.15,2.5898,6898.63,0
2026-02-03,9.62,10:00,c,0.2,2.0939,6898.63,0
2026-02-03,9.62,10:00,c,0.25,1.6761,6898.63,0
2026-02-03,9.62,10:00,c,0.3,1.285,6898.63,0
2026-02-03,9.62,12:00,p,0.05,6.0996,6890.52,0
2026-02-03,9.62,12:00,p,0.1,4.4087,6890.52,0
2026-02-03,9.62,12:00,p,0.15,3.4454,6890.52,0
2026-02-03,9.62,12:00,p,0.2,2.7644,6890.52,0
2026-02-03,9.62,12:00,p,0.25,2.181,6890.52,0
2026-02-03,9.62,12:00,p,0.3,1.6814,6890.52,0
2026-02-03,9.62,12:00,c,0.05,5.7047,6890.52,0
2026-02-03,9.62,12:00,c,0.1,4.2738,6890.52,0
2026-02-03,9.62,12:00,c,0.15,3.393,6890.52,0
2026-02-03,9.62,12:00,c,0.2,2.7474,6890.52,0
2026-02-03,9.62,12:00,c,0.25,2.2229,6890.52,0
2026-02-03,9.62,12:00,c,0.3,1.7432,6890.52,0
2025-10-09,9.71,06:35,p,0.05,3.9605,6757.07,0
2025-10-09,9.71,06:35,p,0.1,2.2642,6757.07,0
2025-10-09,9.71,06:35,p,0.15,1.729,6757.07,0
2025-10-09,9.71,06:35,p,0.2,1.31,6757.07,0
2025-10-09,9.71,06:35,p,0.25,0.9563,6757.07,0
2025-10-09,9.71,06:35,p,0.3,0.7147,6757.07,0
2025-10-09,9.71,06:35,c,0.05,1.8374,6757.07,0
2025-10-09,9.71,06:35,c,0.1,1.57,6757.07,0
2025-10-09,9.71,06:35,c,0.15,1.2852,6757.07,0
2025-10-09,9.71,06:35,c,0.2,1.0545,6757.07,0
2025-10-09,9.71,06:35,c,0.25,0.8632,6757.07,0
2025-10-09,9.71,06:35,c,0.3,0.6859,6757.07,0
2025-10-09,9.71,08:00,p,0.05,3.2524,6737.16,0
2025-10-09,9.71,08:00,p,0.1,2.2673,6737.16,0
2025-10-09,9.71,08:00,p,0.15,1.695,6737.16,0
2025-10-09,9.71,08:00,p,0.2,1.3296,6737.16,0
2025-10-09,9.71,08:00,p,0.25,1.0376,6737.16,0
2025-10-09,9.71,08:00,p,0.3,0.7668,6737.16,0
2025-10-09,9.71,08:00,c,0.05,2.0334,6737.16,0
2025-10-09,9.71,08:00,c,0.1,1.5524,6737.16,0
2025-10-09,9.71,08:00,c,0.15,1.2704,6737.16,0
2025-10-09,9.71,08:00,c,0.2,1.0403,6737.16,0
2025-10-09,9.71,08:00,c,0.25,0.8213,6737.16,0
2025-10-09,9.71,08:00,c,0.3,0.6552,6737.16,0
2025-10-09,9.71,10:00,p,0.05,3.776,6721.49,0
2025-10-09,9.71,10:00,p,0.1,2.5496,6721.49,0
2025-10-09,9.71,10:00,p,0.15,1.9733,6721.49,0
2025-10-09,9.71,10:00,p,0.2,1.5249,6721.49,0
2025-10-09,9.71,10:00,p,0.25,1.1529,6721.49,0
2025-10-09,9.71,10:00,p,0.3,0.8574,6721.49,0
2025-10-09,9.71,10:00,c,0.05,2.7239,6721.49,0
2025-10-09,9.71,10:00,c,0.1,1.9819,6721.49,0
2025-10-09,9.71,10:00,c,0.15,1.6317,6721.49,0
2025-10-09,9.71,10:00,c,0.2,1.3485,6721.49,0
2025-10-09,9.71,10:00,c,0.25,1.0918,6721.49,0
2025-10-09,9.71,10:00,c,0.3,0.8654,6721.49,0
2025-10-09,9.71,12:00,p,0.05,3.1937,6723.11,0
2025-10-09,9.71,12:00,p,0.1,2.3046,6723.11,0
2025-10-09,9.71,12:00,p,0.15,1.7431,6723.11,0
2025-10-09,9.71,12:00,p,0.2,1.384,6723.11,0
2025-10-09,9.71,12:00,p,0.25,1.0728,6723.11,0
2025-10-09,9.71,12:00,p,0.3,0.8383,6723.11,0
2025-10-09,9.71,12:00,c,0.05,2.3801,6723.11,0
2025-10-09,9.71,12:00,c,0.1,1.7702,6723.11,0
2025-10-09,9.71,12:00,c,0.15,1.4326,6723.11,0
2025-10-09,9.71,12:00,c,0.2,1.1278,6723.11,0
2025-10-09,9.71,12:00,c,0.25,0.888,6723.11,0
2025-10-09,9.71,12:00,c,0.3,0.7032,6723.11,0
2025-07-25,9.9,06:35,p,0.05,3.3474,6372.65,0
2025-07-25,9.9,06:35,p,0.1,2.2213,6372.65,0
2025-07-25,9.9,06:35,p,0.15,1.6642,6372.65,0
2025-07-25,9.9,06:35,p,0.2,1.2906,6372.65,0
2025-07-25,9.9,06:35,p,0.25,0.9927,6372.65,0
2025-07-25,9.9,06:35,p,0.3,0.746,6372.65,0
2025-07-25,9.9,06:35,c,0.05,2.1757,6372.65,0
2025-07-25,9.9,06:35,c,0.1,1.6236,6372.65,0
2025-07-25,9.9,06:35,c,0.15,1.2904,6372.65,0
2025-07-25,9.9,06:35,c,0.2,1.057,6372.65,0
2025-07-25,9.9,06:35,c,0.25,0.8614,6372.65,0
2025-07-25,9.9,06:35,c,0.3,0.6778,6372.65,0
2025-07-25,9.9,08:00,p,0.05,3.4726,6378.37,0
2025-07-25,9.9,08:00,p,0.1,2.0396,6378.37,0
2025-07-25,9.9,08:00,p,0.15,1.447,6378.37,0
2025-07-25,9.9,08:00,p,0.2,1.1054,6378.37,0
2025-07-25,9.9,08:00,p,0.25,0.8388,6378.37,0
2025-07-25,9.9,08:00,p,0.3,0.6351,6378.37,0
2025-07-25,9.9,08:00,c,0.05,2.1302,6378.37,0
2025-07-25,9.9,08:00,c,0.1,1.4641,6378.37,0
2025-07-25,9.9,08:00,c,0.15,1.1487,6378.37,0
2025-07-25,9.9,08:00,c,0.2,0.9339,6378.37,0
2025-07-25,9.9,08:00,c,0.25,0.7433,6378.37,0
2025-07-25,9.9,08:00,c,0.3,0.5895,6378.37,0
2025-07-25,9.9,10:00,p,0.05,3.8768,6388.72,0
2025-07-25,9.9,10:00,p,0.1,2.0265,6388.72,0
2025-07-25,9.9,10:00,p,0.15,1.4526,6388.72,0
2025-07-25,9.9,10:00,p,0.2,1.0941,6388.72,0
2025-07-25,9.9,10:00,p,0.25,0.8474,6388.72,0
2025-07-25,9.9,10:00,p,0.3,0.6371,6388.72,0
2025-07-25,9.9,10:00,c,0.05,2.0328,6388.72,0
2025-07-25,9.9,10:00,c,0.1,1.5104,6388.72,0
2025-07-25,9.9,10:00,c,0.15,1.1774,6388.72,0
2025-07-25,9.9,10:00,c,0.2,0.9105,6388.72,0
2025-07-25,9.9,10:00,c,0.25,0.7386,6388.72,0
2025-07-25,9.9,10:00,c,0.3,0.5666,6388.72,0
2025-07-25,9.9,12:00,p,0.05,3.3583,6391.96,0
2025-07-25,9.9,12:00,p,0.1,2.1055,6391.96,0
2025-07-25,9.9,12:00,p,0.15,1.5342,6391.96,0
2025-07-25,9.9,12:00,p,0.2,1.1452,6391.96,0
2025-07-25,9.9,12:00,p,0.25,0.8904,6391.96,0
2025-07-25,9.9,12:00,p,0.3,0.6925,6391.96,0
2025-07-25,9.9,12:00,c,0.05,2.1912,6391.96,0
2025-07-25,9.9,12:00,c,0.1,1.5879,6391.96,0
2025-07-25,9.9,12:00,c,0.15,1.1741,6391.96,0
2025-07-25,9.9,12:00,c,0.2,0.9854,6391.96,0
2025-07-25,9.9,12:00,c,0.25,0.7967,6391.96,0
2025-07-25,9.9,12:00,c,0.3,0.608,6391.96,0
2025-08-20,9.97,06:35,p,0.05,3.4655,6400.58,0
2025-08-20,9.97,06:35,p,0.1,2.7017,6400.58,0
2025-08-20,9.97,06:35,p,0.15,2.1295,6400.58,0
2025-08-20,9.97,06:35,p,0.2,1.6893,6400.58,0
2025-08-20,9.97,06:35,p,0.25,1.309,6400.58,0
2025-08-20,9.97,06:35,p,0.3,0.9846,6400.58,0
2025-08-20,9.97,06:35,c,0.05,2.5013,6400.58,0
2025-08-20,9.97,06:35,c,0.1,1.9422,6400.58,0
2025-08-20,9.97,06:35,c,0.15,1.5968,6400.58,0
2025-08-20,9.97,06:35,c,0.2,1.312,6400.58,0
2025-08-20,9.97,06:35,c,0.25,1.0618,6400.58,0
2025-08-20,9.97,06:35,c,0.3,0.8315,6400.58,0
2025-08-20,9.97,08:00,p,0.05,4.7354,6347.99,0
2025-08-20,9.97,08:00,p,0.1,3.1528,6347.99,0
2025-08-20,9.97,08:00,p,0.15,2.4252,6347.99,0
2025-08-20,9.97,08:00,p,0.2,1.8875,6347.99,0
2025-08-20,9.97,08:00,p,0.25,1.471,6347.99,0
2025-08-20,9.97,08:00,p,0.3,1.1104,6347.99,0
2025-08-20,9.97,08:00,c,0.05,3.4805,6347.99,0
2025-08-20,9.97,08:00,c,0.1,2.6134,6347.99,0
2025-08-20,9.97,08:00,c,0.15,2.0619,6347.99,0
2025-08-20,9.97,08:00,c,0.2,1.678,6347.99,0
2025-08-20,9.97,08:00,c,0.25,1.3483,6347.99,0
2025-08-20,9.97,08:00,c,0.3,1.065,6347.99,0
2025-08-20,9.97,10:00,p,0.05,3.4534,6377.41,0
2025-08-20,9.97,10:00,p,0.1,2.4599,6377.41,0
2025-08-20,9.97,10:00,p,0.15,1.8877,6377.41,0
2025-08-20,9.97,10:00,p,0.2,1.4796,6377.41,0
2025-08-20,9.97,10:00,p,0.25,1.1613,6377.41,0
2025-08-20,9.97,10:00,p,0.3,0.8757,6377.41,0
2025-08-20,9.97,10:00,c,0.05,3.1493,6377.41,0
2025-08-20,9.97,10:00,c,0.1,2.3748,6377.41,0
2025-08-20,9.97,10:00,c,0.15,1.9491,6377.41,0
2025-08-20,9.97,10:00,c,0.2,1.604,6377.41,0
2025-08-20,9.97,10:00,c,0.25,1.3067,6377.41,0
2025-08-20,9.97,10:00,c,0.3,1.033,6377.41,0
2025-08-20,9.97,12:00,p,0.05,4.0895,6381.84,0
2025-08-20,9.97,12:00,p,0.1,2.9298,6381.84,0
2025-08-20,9.97,12:00,p,0.15,2.2201,6381.84,0
2025-08-20,9.97,12:00,p,0.2,1.7239,6381.84,0
2025-08-20,9.97,12:00,p,0.25,1.3804,6381.84,0
2025-08-20,9.97,12:00,p,0.3,1.0369,6381.84,0
2025-08-20,9.97,12:00,c,0.05,3.1545,6381.84,0
2025-08-20,9.97,12:00,c,0.1,2.4094,6381.84,0
2025-08-20,9.97,12:00,c,0.15,1.9123,6381.84,0
2025-08-20,9.97,12:00,c,0.2,1.5696,6381.84,0
2025-08-20,9.97,12:00,c,0.25,1.227,6381.84,0
2025-08-20,9.97,12:00,c,0.3,0.9695,6381.84,0
2025-10-02,10.26,06:35,p,0.05,3.3791,6728.31,0
2025-10-02,10.26,06:35,p,0.1,2.2661,6728.31,0
2025-10-02,10.26,06:35,p,0.15,1.6521,6728.31,0
2025-10-02,10.26,06:35,p,0.2,1.2982,6728.31,0
2025-10-02,10.26,06:35,p,0.25,0.9738,6728.31,0
2025-10-02,10.26,06:35,p,0.3,0.7393,6728.31,0
2025-10-02,10.26,06:35,c,0.05,1.9546,6728.31,0
2025-10-02,10.26,06:35,c,0.1,1.5365,6728.31,0
2025-10-02,10.26,06:35,c,0.15,1.1852,6728.31,0
2025-10-02,10.26,06:35,c,0.2,1.0096,6728.31,0
2025-10-02,10.26,06:35,c,0.25,0.8405,6728.31,0
2025-10-02,10.26,06:35,c,0.3,0.6553,6728.31,0
2025-10-02,10.26,08:00,p,0.05,3.5049,6700.49,0
2025-10-02,10.26,08:00,p,0.1,2.3246,6700.49,0
2025-10-02,10.26,08:00,p,0.15,1.7603,6700.49,0
2025-10-02,10.26,08:00,p,0.2,1.4008,6700.49,0
2025-10-02,10.26,08:00,p,0.25,1.0826,6700.49,0
2025-10-02,10.26,08:00,p,0.3,0.8031,6700.49,0
2025-10-02,10.26,08:00,c,0.05,2.2942,6700.49,0
2025-10-02,10.26,08:00,c,0.1,1.717,6700.49,0
2025-10-02,10.26,08:00,c,0.15,1.3858,6700.49,0
2025-10-02,10.26,08:00,c,0.2,1.1389,6700.49,0
2025-10-02,10.26,08:00,c,0.25,0.9279,6700.49,0
2025-10-02,10.26,08:00,c,0.3,0.7301,6700.49,0
2025-10-02,10.26,10:00,p,0.05,3.0503,6709.4,0
2025-10-02,10.26,10:00,p,0.1,2.0042,6709.4,0
2025-10-02,10.26,10:00,p,0.15,1.444,6709.4,0
2025-10-02,10.26,10:00,p,0.2,1.1084,6709.4,0
2025-10-02,10.26,10:00,p,0.25,0.8634,6709.4,0
2025-10-02,10.26,10:00,p,0.3,0.6489,6709.4,0
2025-10-02,10.26,10:00,c,0.05,2.4145,6709.4,0
2025-10-02,10.26,10:00,c,0.1,1.7665,6709.4,0
2025-10-02,10.26,10:00,c,0.15,1.4095,6709.4,0
2025-10-02,10.26,10:00,c,0.2,1.1358,6709.4,0
2025-10-02,10.26,10:00,c,0.25,0.9132,6709.4,0
2025-10-02,10.26,10:00,c,0.3,0.7189,6709.4,0
2025-10-02,10.26,12:00,p,0.05,2.8392,6719.29,0
2025-10-02,10.26,12:00,p,0.1,1.8892,6719.29,0
2025-10-02,10.26,12:00,p,0.15,1.4481,6719.29,0
2025-10-02,10.26,12:00,p,0.2,1.1307,6719.29,0
2025-10-02,10.26,12:00,p,0.25,0.9042,6719.29,0
2025-10-02,10.26,12:00,p,0.3,0.6777,6719.29,0
2025-10-02,10.26,12:00,c,0.05,2.3198,6719.29,0
2025-10-02,10.26,12:00,c,0.1,1.7642,6719.29,0
2025-10-02,10.26,12:00,c,0.15,1.3782,6719.29,0
2025-10-02,10.26,12:00,c,0.2,1.1156,6719.29,0
2025-10-02,10.26,12:00,c,0.25,0.8529,6719.29,0
2025-10-02,10.26,12:00,c,0.3,0.6587,6719.29,0
2025-12-22,10.37,06:35,p,0.05,4.1107,6865.47,0
2025-12-22,10.37,06:35,p,0.1,2.8011,6865.47,0
2025-12-22,10.37,06:35,p,0.15,2.1044,6865.47,0
2025-12-22,10.37,06:35,p,0.2,1.641,6865.47,0
2025-12-22,10.37,06:35,p,0.25,1.2264,6865.47,0
2025-12-22,10.37,06:35,p,0.3,0.9129,6865.47,0
2025-12-22,10.37,06:35,c,0.05,2.1529,6865.47,0
2025-12-22,10.37,06:35,c,0.1,1.6535,6865.47,0
2025-12-22,10.37,06:35,c,0.15,1.314,6865.47,0
2025-12-22,10.37,06:35,c,0.2,1.0807,6865.47,0
2025-12-22,10.37,06:35,c,0.25,0.8904,6865.47,0
2025-12-22,10.37,06:35,c,0.3,0.7174,6865.47,0
2025-12-22,10.37,08:00,p,0.05,2.9211,6864.88,0
2025-12-22,10.37,08:00,p,0.1,2.0416,6864.88,0
2025-12-22,10.37,08:00,p,0.15,1.5106,6864.88,0
2025-12-22,10.37,08:00,p,0.2,1.1533,6864.88,0
2025-12-22,10.37,08:00,p,0.25,0.8752,6864.88,0
2025-12-22,10.37,08:00,p,0.3,0.6602,6864.88,0
2025-12-22,10.37,08:00,c,0.05,1.6532,6864.88,0
2025-12-22,10.37,08:00,c,0.1,1.1697,6864.88,0
2025-12-22,10.37,08:00,c,0.15,0.9436,6864.88,0
2025-12-22,10.37,08:00,c,0.2,0.773,6864.88,0
2025-12-22,10.37,08:00,c,0.25,0.62,6864.88,0
2025-12-22,10.37,08:00,c,0.3,0.4906,6864.88,0
2025-12-22,10.37,10:00,p,0.05,2.3605,6881.14,0
2025-12-22,10.37,10:00,p,0.1,1.478,6881.14,0
2025-12-22,10.37,10:00,p,0.15,1.1161,6881.14,0
2025-12-22,10.37,10:00,p,0.2,0.8389,6881.14,0
2025-12-22,10.37,10:00,p,0.25,0.6677,6881.14,0
2025-12-22,10.37,10:00,p,0.3,0.4966,6881.14,0
2025-12-22,10.37,10:00,c,0.05,1.6809,6881.14,0
2025-12-22,10.37,10:00,c,0.1,1.1733,6881.14,0
2025-12-22,10.37,10:00,c,0.15,0.9159,6881.14,0
2025-12-22,10.37,10:00,c,0.2,0.7154,6881.14,0
2025-12-22,10.37,10:00,c,0.25,0.5723,6881.14,0
2025-12-22,10.37,10:00,c,0.3,0.4455,6881.14,0
2025-12-22,10.37,12:00,p,0.05,2.1895,6876.28,0
2025-12-22,10.37,12:00,p,0.1,1.4028,6876.28,0
2025-12-22,10.37,12:00,p,0.15,1.0277,6876.28,0
2025-12-22,10.37,12:00,p,0.2,0.7583,6876.28,0
2025-12-22,10.37,12:00,p,0.25,0.6142,6876.28,0
2025-12-22,10.37,12:00,p,0.3,0.4701,6876.28,0
2025-12-22,10.37,12:00,c,0.05,1.7347,6876.28,0
2025-12-22,10.37,12:00,c,0.1,1.2019,6876.28,0
2025-12-22,10.37,12:00,c,0.15,0.9881,6876.28,0
2025-12-22,10.37,12:00,c,0.2,0.8128,6876.28,0
2025-12-22,10.37,12:00,c,0.25,0.6375,6876.28,0
2025-10-22,10.55,06:35,p,0.05,4.7346,6729.44,0
2025-10-22,10.55,06:35,p,0.1,3.5022,6729.44,0
2025-10-22,10.55,06:35,p,0.15,2.6509,6729.44,0
2025-10-22,10.55,06:35,p,0.2,2.0138,6729.44,0
2025-10-22,10.55,06:35,p,0.25,1.5772,6729.44,0
2025-10-22,10.55,06:35,p,0.3,1.202,6729.44,0
2025-10-22,10.55,06:35,c,0.05,2.5656,6729.44,0
2025-10-22,10.55,06:35,c,0.1,1.983,6729.44,0
2025-10-22,10.55,06:35,c,0.15,1.6062,6729.44,0
2025-10-22,10.55,06:35,c,0.2,1.2953,6729.44,0
2025-10-22,10.55,06:35,c,0.25,1.0513,6729.44,0
2025-10-22,10.55,06:35,c,0.3,0.828,6729.44,0
2025-10-22,10.55,08:00,p,0.05,3.9836,6722.96,0
2025-10-22,10.55,08:00,p,0.1,2.7004,6722.96,0
2025-10-22,10.55,08:00,p,0.15,2.0067,6722.96,0
2025-10-22,10.55,08:00,p,0.2,1.5436,6722.96,0
2025-10-22,10.55,08:00,p,0.25,1.1715,6722.96,0
2025-10-22,10.55,08:00,p,0.3,0.869,6722.96,0
2025-10-22,10.55,08:00,c,0.05,2.62,6722.96,0
2025-10-22,10.55,08:00,c,0.1,1.9866,6722.96,0
2025-10-22,10.55,08:00,c,0.15,1.6002,6722.96,0
2025-10-22,10.55,08:00,c,0.2,1.3124,6722.96,0
2025-10-22,10.55,08:00,c,0.25,1.0807,6722.96,0
2025-10-22,10.55,08:00,c,0.3,0.8612,6722.96,0
2025-10-22,10.55,10:00,p,0.05,6.1267,6695.23,0
2025-10-22,10.55,10:00,p,0.1,4.6084,6695.23,0
2025-10-22,10.55,10:00,p,0.15,3.5933,6695.23,0
2025-10-22,10.55,10:00,p,0.2,2.7736,6695.23,0
2025-10-22,10.55,10:00,p,0.25,2.1653,6695.23,0
2025-10-22,10.55,10:00,p,0.3,1.6608,6695.23,0
2025-10-22,10.55,10:00,c,0.05,2.9057,6695.23,0
2025-10-22,10.55,10:00,c,0.1,2.2372,6695.23,0
2025-10-22,10.55,10:00,c,0.15,1.8208,6695.23,0
2025-10-22,10.55,10:00,c,0.2,1.4672,6695.23,0
2025-10-22,10.55,10:00,c,0.25,1.188,6695.23,0
2025-10-22,10.55,10:00,c,0.3,0.9176,6695.23,0
2025-10-22,10.55,12:00,p,0.05,5.0221,6687.07,0
2025-10-22,10.55,12:00,p,0.1,3.4288,6687.07,0
2025-10-22,10.55,12:00,p,0.15,2.6723,6687.07,0
2025-10-22,10.55,12:00,p,0.2,2.0723,6687.07,0
2025-10-22,10.55,12:00,p,0.25,1.5706,6687.07,0
2025-10-22,10.55,12:00,p,0.3,1.2329,6687.07,0
2025-10-22,10.55,12:00,c,0.05,3.9226,6687.07,0
2025-10-22,10.55,12:00,c,0.1,2.9097,6687.07,0
2025-10-22,10.55,12:00,c,0.15,2.3375,6687.07,0
2025-10-22,10.55,12:00,c,0.2,1.9076,6687.07,0
2025-10-22,10.55,12:00,c,0.25,1.5319,6687.07,0
2025-10-22,10.55,12:00,c,0.3,1.2,6687.07,0
2025-01-22,10.63,06:35,p,0.05,3.8345,6080.47,0
2025-01-22,10.63,06:35,p,0.1,2.7378,6080.47,0
2025-01-22,10.63,06:35,p,0.15,2.1152,6080.47,0
2025-01-22,10.63,06:35,p,0.2,1.6791,6080.47,0
2025-01-22,10.63,06:35,p,0.25,1.3405,6080.47,0
2025-01-22,10.63,06:35,p,0.3,1.06,6080.47,0
2025-01-22,10.63,06:35,c,0.05,1.9186,6080.47,0
2025-01-22,10.63,06:35,c,0.1,1.4471,6080.47,0
2025-01-22,10.63,06:35,c,0.15,1.1412,6080.47,0
2025-01-22,10.63,06:35,c,0.2,0.9082,6080.47,0
2025-01-22,10.63,06:35,c,0.25,0.703,6080.47,0
2025-01-22,10.63,06:35,c,0.3,0.5121,6080.47,0
2025-01-22,10.63,08:00,p,0.05,3.5352,6087.37,0
2025-01-22,10.63,08:00,p,0.1,2.2749,6087.37,0
2025-01-22,10.63,08:00,p,0.15,1.711,6087.37,0
2025-01-22,10.63,08:00,p,0.2,1.3204,6087.37,0
2025-01-22,10.63,08:00,p,0.25,1.0195,6087.37,0
2025-01-22,10.63,08:00,p,0.3,0.7683,6087.37,0
2025-01-22,10.63,08:00,c,0.05,1.9215,6087.37,0
2025-01-22,10.63,08:00,c,0.1,1.439,6087.37,0
2025-01-22,10.63,08:00,c,0.15,1.1636,6087.37,0
2025-01-22,10.63,08:00,c,0.2,0.9636,6087.37,0
2025-01-22,10.63,08:00,c,0.25,0.7785,6087.37,0
2025-01-22,10.63,08:00,c,0.3,0.618,6087.37,0
2025-01-22,10.63,10:00,p,0.05,4.0369,6094.83,0
2025-01-22,10.63,10:00,p,0.1,2.361,6094.83,0
2025-01-22,10.63,10:00,p,0.15,1.6983,6094.83,0
2025-01-22,10.63,10:00,p,0.2,1.2784,6094.83,0
2025-01-22,10.63,10:00,p,0.25,0.9791,6094.83,0
2025-01-22,10.63,10:00,p,0.3,0.7267,6094.83,0
2025-01-22,10.63,10:00,c,0.05,1.8801,6094.83,0
2025-01-22,10.63,10:00,c,0.1,1.408,6094.83,0
2025-01-22,10.63,10:00,c,0.15,1.128,6094.83,0
2025-01-22,10.63,10:00,c,0.2,0.9086,6094.83,0
2025-01-22,10.63,10:00,c,0.25,0.7362,6094.83,0
2025-01-22,10.63,10:00,c,0.3,0.5817,6094.83,0
2025-01-22,10.63,12:00,p,0.05,3.1796,6097.16,0
2025-01-22,10.63,12:00,p,0.1,2.0672,6097.16,0
2025-01-22,10.63,12:00,p,0.15,1.5682,6097.16,0
2025-01-22,10.63,12:00,p,0.2,1.2498,6097.16,0
2025-01-22,10.63,12:00,p,0.25,0.9774,6097.16,0
2025-01-22,10.63,12:00,p,0.3,0.8018,6097.16,0
2025-01-22,10.63,12:00,c,0.05,2.0922,6097.16,0
2025-01-22,10.63,12:00,c,0.1,1.4578,6097.16,0
2025-01-22,10.63,12:00,c,0.15,1.0631,6097.16,0
2025-01-22,10.63,12:00,c,0.2,0.8572,6097.16,0
2025-01-22,10.63,12:00,c,0.25,0.6512,6097.16,0
2025-01-22,10.63,12:00,c,0.3,0.4453,6097.16,0
2025-07-18,10.77,06:35,p,0.05,3.405,6310.03,0
2025-07-18,10.77,06:35,p,0.1,2.3487,6310.03,0
2025-07-18,10.77,06:35,p,0.15,1.8033,6310.03,0
2025-07-18,10.77,06:35,p,0.2,1.3953,6310.03,0
2025-07-18,10.77,06:35,p,0.25,1.0781,6310.03,0
2025-07-18,10.77,06:35,p,0.3,0.8093,6310.03,0
2025-07-18,10.77,06:35,c,0.05,2.1599,6310.03,0
2025-07-18,10.77,06:35,c,0.1,1.6828,6310.03,0
2025-07-18,10.77,06:35,c,0.15,1.3747,6310.03,0
2025-07-18,10.77,06:35,c,0.2,1.1345,6310.03,0
2025-07-18,10.77,06:35,c,0.25,0.9278,6310.03,0
2025-07-18,10.77,06:35,c,0.3,0.7332,6310.03,0
2025-07-18,10.77,08:00,p,0.05,3.4714,6292.32,0
2025-07-18,10.77,08:00,p,0.1,2.2624,6292.32,0
2025-07-18,10.77,08:00,p,0.15,1.6984,6292.32,0
2025-07-18,10.77,08:00,p,0.2,1.3343,6292.32,0
2025-07-18,10.77,08:00,p,0.25,1.0373,6292.32,0
2025-07-18,10.77,08:00,p,0.3,0.7837,6292.32,0
2025-07-18,10.77,08:00,c,0.05,2.2101,6292.32,0
2025-07-18,10.77,08:00,c,0.1,1.6115,6292.32,0
2025-07-18,10.77,08:00,c,0.15,1.296,6292.32,0
2025-07-18,10.77,08:00,c,0.2,1.0432,6292.32,0
2025-07-18,10.77,08:00,c,0.25,0.8467,6292.32,0
2025-07-18,10.77,08:00,c,0.3,0.6653,6292.32,0
2025-07-18,10.77,10:00,p,0.05,3.6988,6287.21,0
2025-07-18,10.77,10:00,p,0.1,2.3366,6287.21,0
2025-07-18,10.77,10:00,p,0.15,1.7128,6287.21,0
2025-07-18,10.77,10:00,p,0.2,1.3163,6287.21,0
2025-07-18,10.77,10:00,p,0.25,1.0292,6287.21,0
2025-07-18,10.77,10:00,p,0.3,0.7748,6287.21,0
2025-07-18,10.77,10:00,c,0.05,2.2919,6287.21,0
2025-07-18,10.77,10:00,c,0.1,1.6742,6287.21,0
2025-07-18,10.77,10:00,c,0.15,1.3522,6287.21,0
2025-07-18,10.77,10:00,c,0.2,1.1165,6287.21,0
2025-07-18,10.77,10:00,c,0.25,0.9074,6287.21,0
2025-07-18,10.77,10:00,c,0.3,0.7166,6287.21,0
2025-07-18,10.77,12:00,p,0.05,3.1842,6292.25,0
2025-07-18,10.77,12:00,p,0.1,2.057,6292.25,0
2025-07-18,10.77,12:00,p,0.15,1.5027,6292.25,0
2025-07-18,10.77,12:00,p,0.2,1.1154,6292.25,0
2025-07-18,10.77,12:00,p,0.25,0.8634,6292.25,0
2025-07-18,10.77,12:00,p,0.3,0.6679,6292.25,0
2025-07-18,10.77,12:00,c,0.05,2.2621,6292.25,0
2025-07-18,10.77,12:00,c,0.1,1.6902,6292.25,0
2025-07-18,10.77,12:00,c,0.15,1.3341,6292.25,0
2025-07-18,10.77,12:00,c,0.2,1.0234,6292.25,0
2025-07-18,10.77,12:00,c,0.25,0.8422,6292.25,0
2025-07-18,10.77,12:00,c,0.3,0.6609,6292.25,0
2025-08-07,10.83,06:35,p,0.05,3.9559,6385.83,0
2025-08-07,10.83,06:35,p,0.1,2.6218,6385.83,0
2025-08-07,10.83,06:35,p,0.15,1.9431,6385.83,0
2025-08-07,10.83,06:35,p,0.2,1.4964,6385.83,0
2025-08-07,10.83,06:35,p,0.25,1.1478,6385.83,0
2025-08-07,10.83,06:35,p,0.3,0.8924,6385.83,0
2025-08-07,10.83,06:35,c,0.05,2.4658,6385.83,0
2025-08-07,10.83,06:35,c,0.1,1.8385,6385.83,0
2025-08-07,10.83,06:35,c,0.15,1.496,6385.83,0
2025-08-07,10.83,06:35,c,0.2,1.2326,6385.83,0
2025-08-07,10.83,06:35,c,0.25,0.991,6385.83,0
2025-08-07,10.83,06:35,c,0.3,0.7881,6385.83,0
2025-08-07,10.83,08:00,p,0.05,4.4624,6346.8,0
2025-08-07,10.83,08:00,p,0.1,3.2037,6346.8,0
2025-08-07,10.83,08:00,p,0.15,2.5651,6346.8,0
2025-08-07,10.83,08:00,p,0.2,1.8199,6346.8,0
2025-08-07,10.83,08:00,p,0.25,1.5138,6346.8,0
2025-08-07,10.83,08:00,p,0.3,1.1674,6346.8,0
2025-08-07,10.83,08:00,c,0.05,2.7462,6346.8,0
2025-08-07,10.83,08:00,c,0.1,2.0824,6346.8,0
2025-08-07,10.83,08:00,c,0.15,1.6831,6346.8,0
2025-08-07,10.83,08:00,c,0.2,1.4744,6346.8,0
2025-08-07,10.83,08:00,c,0.25,1.0879,6346.8,0
2025-08-07,10.83,08:00,c,0.3,0.9223,6346.8,0
2025-08-07,10.83,10:00,p,0.05,4.2429,6331.83,0
2025-08-07,10.83,10:00,p,0.1,2.9529,6331.83,0
2025-08-07,10.83,10:00,p,0.15,2.278,6331.83,0
2025-08-07,10.83,10:00,p,0.2,1.784,6331.83,0
2025-08-07,10.83,10:00,p,0.25,1.4061,6331.83,0
2025-08-07,10.83,10:00,p,0.3,1.0494,6331.83,0
2025-08-07,10.83,10:00,c,0.05,2.5582,6331.83,0
2025-08-07,10.83,10:00,c,0.1,2.0505,6331.83,0
2025-08-07,10.83,10:00,c,0.15,1.7308,6331.83,0
2025-08-07,10.83,10:00,c,0.2,1.4355,6331.83,0
2025-08-07,10.83,10:00,c,0.25,1.1732,6331.83,0
2025-08-07,10.83,10:00,c,0.3,0.9227,6331.83,0
2025-08-07,10.83,12:00,p,0.05,4.4379,6324.5,0
2025-08-07,10.83,12:00,p,0.1,3.061,6324.5,0
2025-08-07,10.83,12:00,p,0.15,2.252,6324.5,0
2025-08-07,10.83,12:00,p,0.2,1.7141,6324.5,0
2025-08-07,10.83,12:00,p,0.25,1.2967,6324.5,0
2025-08-07,10.83,12:00,p,0.3,1.0309,6324.5,0
2025-08-07,10.83,12:00,c,0.05,3.5024,6324.5,0
2025-08-07,10.83,12:00,c,0.1,2.4672,6324.5,0
2025-08-07,10.83,12:00,c,0.15,1.9111,6324.5,0
2025-08-07,10.83,12:00,c,0.2,1.4713,6324.5,0
2025-08-07,10.83,12:00,c,0.25,1.2397,6324.5,0
2025-08-07,10.83,12:00,c,0.3,1.0269,6324.5,0
2026-05-12,11.05,06:35,p,0.05,3.9702,7385.11,0
2026-05-12,11.05,06:35,p,0.1,2.7511,7385.11,0
2026-05-12,11.05,06:35,p,0.15,2.0991,7385.11,0
2026-05-12,11.05,06:35,p,0.2,1.6231,7385.11,0
2026-05-12,11.05,06:35,p,0.25,1.2514,7385.11,0
2026-05-12,11.05,06:35,p,0.3,0.9364,7385.11,0
2026-05-12,11.05,06:35,c,0.05,2.3456,7385.11,0
2026-05-12,11.05,06:35,c,0.1,1.8038,7385.11,0
2026-05-12,11.05,06:35,c,0.15,1.4882,7385.11,0
2026-05-12,11.05,06:35,c,0.2,1.2173,7385.11,0
2026-05-12,11.05,06:35,c,0.25,0.9871,7385.11,0
2026-05-12,11.05,06:35,c,0.3,0.7778,7385.11,0
2026-05-12,11.05,08:00,p,0.05,3.6577,7358.93,0
2026-05-12,11.05,08:00,p,0.1,2.5125,7358.93,0
2026-05-12,11.05,08:00,p,0.15,1.9168,7358.93,0
2026-05-12,11.05,08:00,p,0.2,1.5141,7358.93,0
2026-05-12,11.05,08:00,p,0.25,1.1866,7358.93,0
2026-05-12,11.05,08:00,p,0.3,0.8987,7358.93,0
2026-05-12,11.05,08:00,c,0.05,2.5571,7358.93,0
2026-05-12,11.05,08:00,c,0.1,1.9138,7358.93,0
2026-05-12,11.05,08:00,c,0.15,1.5239,7358.93,0
2026-05-12,11.05,08:00,c,0.2,1.2471,7358.93,0
2026-05-12,11.05,08:00,c,0.25,1.0073,7358.93,0
2026-05-12,11.05,08:00,c,0.3,0.7699,7358.93,0
2026-05-12,11.05,10:00,p,0.05,3.4746,7341.55,0
2026-05-12,11.05,10:00,p,0.1,2.4951,7341.55,0
2026-05-12,11.05,10:00,p,0.15,1.8365,7341.55,0
2026-05-12,11.05,10:00,p,0.2,1.441,7341.55,0
2026-05-12,11.05,10:00,p,0.25,1.1224,7341.55,0
2026-05-12,11.05,10:00,p,0.3,0.8378,7341.55,0
2026-05-12,11.05,10:00,c,0.05,2.7399,7341.55,0
2026-05-12,11.05,10:00,c,0.1,1.9687,7341.55,0
2026-05-12,11.05,10:00,c,0.15,1.5484,7341.55,0
2026-05-12,11.05,10:00,c,0.2,1.243,7341.55,0
2026-05-12,11.05,10:00,c,0.25,0.9858,7341.55,0
2026-05-12,11.05,10:00,c,0.3,0.7671,7341.55,0
2026-05-12,11.05,12:00,p,0.05,4.2907,7380.64,0
2026-05-12,11.05,12:00,p,0.1,2.6766,7380.64,0
2026-05-12,11.05,12:00,p,0.15,2.0903,7380.64,0
2026-05-12,11.05,12:00,p,0.2,1.6424,7380.64,0
2026-05-12,11.05,12:00,p,0.25,1.2977,7380.64,0
2026-05-12,11.05,12:00,p,0.3,1.0054,7380.64,0
2026-05-12,11.05,12:00,c,0.05,2.4473,7380.64,0
2026-05-12,11.05,12:00,c,0.1,1.7068,7380.64,0
2026-05-12,11.05,12:00,c,0.15,1.3324,7380.64,0
2026-05-12,11.05,12:00,c,0.2,1.0226,7380.64,0
2026-05-12,11.05,12:00,c,0.25,0.8213,7380.64,0
2026-05-12,11.05,12:00,c,0.3,0.6199,7380.64,0
2025-08-15,11.27,06:35,p,0.05,3.5835,6468.83,0
2025-08-15,11.27,06:35,p,0.1,2.5266,6468.83,0
2025-08-15,11.27,06:35,p,0.15,1.9032,6468.83,0
2025-08-15,11.27,06:35,p,0.2,1.477,6468.83,0
2025-08-15,11.27,06:35,p,0.25,1.1783,6468.83,0
2025-08-15,11.27,06:35,p,0.3,0.8869,6468.83,0
2025-08-15,11.27,06:35,c,0.05,2.3244,6468.83,0
2025-08-15,11.27,06:35,c,0.1,1.7814,6468.83,0
2025-08-15,11.27,06:35,c,0.15,1.4412,6468.83,0
2025-08-15,11.27,06:35,c,0.2,1.1707,6468.83,0
2025-08-15,11.27,06:35,c,0.25,0.9481,6468.83,0
2025-08-15,11.27,06:35,c,0.3,0.7439,6468.83,0
2025-08-15,11.27,08:00,p,0.05,3.3173,6451.87,0
2025-08-15,11.27,08:00,p,0.1,2.1143,6451.87,0
2025-08-15,11.27,08:00,p,0.15,1.578,6451.87,0
2025-08-15,11.27,08:00,p,0.2,1.2382,6451.87,0
2025-08-15,11.27,08:00,p,0.25,0.9466,6451.87,0
2025-08-15,11.27,08:00,p,0.3,0.7107,6451.87,0
2025-08-15,11.27,08:00,c,0.05,2.2656,6451.87,0
2025-08-15,11.27,08:00,c,0.1,1.6193,6451.87,0
2025-08-15,11.27,08:00,c,0.15,1.3066,6451.87,0
2025-08-15,11.27,08:00,c,0.2,1.067,6451.87,0
2025-08-15,11.27,08:00,c,0.25,0.8742,6451.87,0
2025-08-15,11.27,08:00,c,0.3,0.6909,6451.87,0
2025-08-15,11.27,10:00,p,0.05,2.8582,6457.28,0
2025-08-15,11.27,10:00,p,0.1,1.9473,6457.28,0
2025-08-15,11.27,10:00,p,0.15,1.4308,6457.28,0
2025-08-15,11.27,10:00,p,0.2,1.1251,6457.28,0
2025-08-15,11.27,10:00,p,0.25,0.873,6457.28,0
2025-08-15,11.27,10:00,p,0.3,0.6703,6457.28,0
2025-08-15,11.27,10:00,c,0.05,1.9075,6457.28,0
2025-08-15,11.27,10:00,c,0.1,1.438,6457.28,0
2025-08-15,11.27,10:00,c,0.15,1.1607,6457.28,0
2025-08-15,11.27,10:00,c,0.2,0.9403,6457.28,0
2025-08-15,11.27,10:00,c,0.25,0.7666,6457.28,0
2025-08-15,11.27,10:00,c,0.3,0.5929,6457.28,0
2025-08-15,11.27,12:00,p,0.05,3.4951,6458.48,0
2025-08-15,11.27,12:00,p,0.1,2.1692,6458.48,0
2025-08-15,11.27,12:00,p,0.15,1.6375,6458.48,0
2025-08-15,11.27,12:00,p,0.2,1.2069,6458.48,0
2025-08-15,11.27,12:00,p,0.25,0.9403,6458.48,0
2025-08-15,11.27,12:00,p,0.3,0.7345,6458.48,0
2025-08-15,11.27,12:00,c,0.05,2.2745,6458.48,0
2025-08-15,11.27,12:00,c,0.1,1.7222,6458.48,0
2025-08-15,11.27,12:00,c,0.15,1.3621,6458.48,0
2025-08-15,11.27,12:00,c,0.2,1.1201,6458.48,0
2025-08-15,11.27,12:00,c,0.25,0.8782,6458.48,0
2025-08-15,11.27,12:00,c,0.3,0.694,6458.48,0
2026-06-04,11.32,06:35,p,0.05,3.4175,7542.73,0
2026-06-04,11.32,06:35,p,0.1,2.4272,7542.73,0
2026-06-04,11.32,06:35,p,0.15,1.8909,7542.73,0
2026-06-04,11.32,06:35,p,0.2,1.4772,7542.73,0
2026-06-04,11.32,06:35,p,0.25,1.1505,7542.73,0
2026-06-04,11.32,06:35,p,0.3,0.8722,7542.73,0
2026-06-04,11.32,06:35,c,0.05,2.7852,7542.73,0
2026-06-04,11.32,06:35,c,0.1,2.1537,7542.73,0
2026-06-04,11.32,06:35,c,0.15,1.7454,7542.73,0
2026-06-04,11.32,06:35,c,0.2,1.4309,7542.73,0
2026-06-04,11.32,06:35,c,0.25,1.1651,7542.73,0
2026-06-04,11.32,06:35,c,0.3,0.9266,7542.73,0
2026-06-04,11.32,08:00,p,0.05,2.8663,7556.97,0
2026-06-04,11.32,08:00,p,0.1,2.0186,7556.97,0
2026-06-04,11.32,08:00,p,0.15,1.5326,7556.97,0
2026-06-04,11.32,08:00,p,0.2,1.2253,7556.97,0
2026-06-04,11.32,08:00,p,0.25,0.9574,7556.97,0
2026-06-04,11.32,08:00,p,0.3,0.7219,7556.97,0
2026-06-04,11.32,08:00,c,0.05,2.0589,7556.97,0
2026-06-04,11.32,08:00,c,0.1,1.5493,7556.97,0
2026-06-04,11.32,08:00,c,0.15,1.2612,7556.97,0
2026-06-04,11.32,08:00,c,0.2,1.0336,7556.97,0
2026-06-04,11.32,08:00,c,0.25,0.8257,7556.97,0
2026-06-04,11.32,08:00,c,0.3,0.6283,7556.97,0
2026-06-04,11.32,10:00,p,0.05,2.3373,7583.01,0
2026-06-04,11.32,10:00,p,0.1,1.6203,7583.01,0
2026-06-04,11.32,10:00,p,0.15,1.2399,7583.01,0
2026-06-04,11.32,10:00,p,0.2,0.9667,7583.01,0
2026-06-04,11.32,10:00,p,0.25,0.7466,7583.01,0
2026-06-04,11.32,10:00,p,0.3,0.5662,7583.01,0
2026-06-04,11.32,10:00,c,0.05,2.0039,7583.01,0
2026-06-04,11.32,10:00,c,0.1,1.4193,7583.01,0
2026-06-04,11.32,10:00,c,0.15,1.0956,7583.01,0
2026-06-04,11.32,10:00,c,0.2,0.866,7583.01,0
2026-06-04,11.32,10:00,c,0.25,0.6828,7583.01,0
2026-06-04,11.32,10:00,c,0.3,0.5388,7583.01,0
2026-06-04,11.32,12:00,p,0.05,2.8924,7591.04,0
2026-06-04,11.32,12:00,p,0.1,1.7578,7591.04,0
2026-06-04,11.32,12:00,p,0.15,1.3247,7591.04,0
2026-06-04,11.32,12:00,p,0.2,1.0237,7591.04,0
2026-06-04,11.32,12:00,p,0.25,0.7738,7591.04,0
2026-06-04,11.32,12:00,p,0.3,0.5764,7591.04,0
2026-06-04,11.32,12:00,c,0.05,2.0056,7591.04,0
2026-06-04,11.32,12:00,c,0.1,1.4607,7591.04,0
2026-06-04,11.32,12:00,c,0.15,1.1644,7591.04,0
2026-06-04,11.32,12:00,c,0.2,0.914,7591.04,0
2026-06-04,11.32,12:00,c,0.25,0.7436,7591.04,0
2026-06-04,11.32,12:00,c,0.3,0.5733,7591.04,0
2025-11-26,11.43,06:35,p,0.05,4.9178,6798.36,0
2025-11-26,11.43,06:35,p,0.1,3.2305,6798.36,0
2025-11-26,11.43,06:35,p,0.15,2.3523,6798.36,0
2025-11-26,11.43,06:35,p,0.2,1.7709,6798.36,0
2025-11-26,11.43,06:35,p,0.25,1.3314,6798.36,0
2025-11-26,11.43,06:35,p,0.3,0.9909,6798.36,0
2025-11-26,11.43,06:35,c,0.05,2.638,6798.36,0
2025-11-26,11.43,06:35,c,0.1,1.9569,6798.36,0
2025-11-26,11.43,06:35,c,0.15,1.5717,6798.36,0
2025-11-26,11.43,06:35,c,0.2,1.283,6798.36,0
2025-11-26,11.43,06:35,c,0.25,1.0423,6798.36,0
2025-11-26,11.43,06:35,c,0.3,0.829,6798.36,0
2025-11-26,11.43,08:00,p,0.05,4.2196,6809.86,0
2025-11-26,11.43,08:00,p,0.1,2.7752,6809.86,0
2025-11-26,11.43,08:00,p,0.15,2.0526,6809.86,0
2025-11-26,11.43,08:00,p,0.2,1.5629,6809.86,0
2025-11-26,11.43,08:00,p,0.25,1.156,6809.86,0
2025-11-26,11.43,08:00,p,0.3,0.8625,6809.86,0
2025-11-26,11.43,08:00,c,0.05,2.3327,6809.86,0
2025-11-26,11.43,08:00,c,0.1,1.7296,6809.86,0
2025-11-26,11.43,08:00,c,0.15,1.3896,6809.86,0
2025-11-26,11.43,08:00,c,0.2,1.1384,6809.86,0
2025-11-26,11.43,08:00,c,0.25,0.9196,6809.86,0
2025-11-26,11.43,08:00,c,0.3,0.7229,6809.86,0
2025-11-26,11.43,10:00,p,0.05,4.045,6825.59,0
2025-11-26,11.43,10:00,p,0.1,2.5043,6825.59,0
2025-11-26,11.43,10:00,p,0.15,1.6872,6825.59,0
2025-11-26,11.43,10:00,p,0.2,1.2746,6825.59,0
2025-11-26,11.43,10:00,p,0.25,0.9649,6825.59,0
2025-11-26,11.43,10:00,p,0.3,0.7095,6825.59,0
2025-11-26,11.43,10:00,c,0.05,2.2341,6825.59,0
2025-11-26,11.43,10:00,c,0.1,1.7276,6825.59,0
2025-11-26,11.43,10:00,c,0.15,1.3803,6825.59,0
2025-11-26,11.43,10:00,c,0.2,1.1259,6825.59,0
2025-11-26,11.43,10:00,c,0.25,0.9021,6825.59,0
2025-11-26,11.43,10:00,c,0.3,0.7012,6825.59,0
2025-11-26,11.43,12:00,p,0.05,3.8706,6823.22,0
2025-11-26,11.43,12:00,p,0.1,2.4949,6823.22,0
2025-11-26,11.43,12:00,p,0.15,1.8154,6823.22,0
2025-11-26,11.43,12:00,p,0.2,1.3873,6823.22,0
2025-11-26,11.43,12:00,p,0.25,1.0497,6823.22,0
2025-11-26,11.43,12:00,p,0.3,0.8094,6823.22,0
2025-11-26,11.43,12:00,c,0.05,2.4019,6823.22,0
2025-11-26,11.43,12:00,c,0.1,1.7491,6823.22,0
2025-11-26,11.43,12:00,c,0.15,1.3526,6823.22,0
2025-11-26,11.43,12:00,c,0.2,1.0977,6823.22,0
2025-11-26,11.43,12:00,c,0.25,0.8428,6823.22,0
2025-11-26,11.43,12:00,c,0.3,0.6571,6823.22,0
2026-05-14,11.54,06:35,p,0.05,3.5578,7469.65,0
2026-05-14,11.54,06:35,p,0.1,2.5946,7469.65,0
2026-05-14,11.54,06:35,p,0.15,1.9647,7469.65,0
2026-05-14,11.54,06:35,p,0.2,1.5648,7469.65,0
2026-05-14,11.54,06:35,p,0.25,1.2051,7469.65,0
2026-05-14,11.54,06:35,p,0.3,0.9161,7469.65,0
2026-05-14,11.54,06:35,c,0.05,2.4869,7469.65,0
2026-05-14,11.54,06:35,c,0.1,1.9396,7469.65,0
2026-05-14,11.54,06:35,c,0.15,1.5899,7469.65,0
2026-05-14,11.54,06:35,c,0.2,1.3013,7469.65,0
2026-05-14,11.54,06:35,c,0.25,1.0668,7469.65,0
2026-05-14,11.54,06:35,c,0.3,0.8431,7469.65,0
2026-05-14,11.54,08:00,p,0.05,3.426,7494.02,0
2026-05-14,11.54,08:00,p,0.1,2.3864,7494.02,0
2026-05-14,11.54,08:00,p,0.15,1.6687,7494.02,0
2026-05-14,11.54,08:00,p,0.2,1.2929,7494.02,0
2026-05-14,11.54,08:00,p,0.25,0.983,7494.02,0
2026-05-14,11.54,08:00,p,0.3,0.7463,7494.02,0
2026-05-14,11.54,08:00,c,0.05,2.1132,7494.02,0
2026-05-14,11.54,08:00,c,0.1,1.6453,7494.02,0
2026-05-14,11.54,08:00,c,0.15,1.3183,7494.02,0
2026-05-14,11.54,08:00,c,0.2,1.0785,7494.02,0
2026-05-14,11.54,08:00,c,0.25,0.8689,7494.02,0
2026-05-14,11.54,08:00,c,0.3,0.6797,7494.02,0
2026-05-14,11.54,10:00,p,0.05,3.487,7499.54,0
2026-05-14,11.54,10:00,p,0.1,2.1516,7499.54,0
2026-05-14,11.54,10:00,p,0.15,1.6115,7499.54,0
2026-05-14,11.54,10:00,p,0.2,1.2318,7499.54,0
2026-05-14,11.54,10:00,p,0.25,0.9514,7499.54,0
2026-05-14,11.54,10:00,p,0.3,0.7215,7499.54,0
2026-05-14,11.54,10:00,c,0.05,2.497,7499.54,0
2026-05-14,11.54,10:00,c,0.1,1.883,7499.54,0
2026-05-14,11.54,10:00,c,0.15,1.5211,7499.54,0
2026-05-14,11.54,10:00,c,0.2,1.2337,7499.54,0
2026-05-14,11.54,10:00,c,0.25,1.0015,7499.54,0
2026-05-14,11.54,10:00,c,0.3,0.7831,7499.54,0
2026-05-14,11.54,12:00,p,0.05,2.592,7504.0,0
2026-05-14,11.54,12:00,p,0.1,1.8998,7504.0,0
2026-05-14,11.54,12:00,p,0.15,1.4113,7504.0,0
2026-05-14,11.54,12:00,p,0.2,1.1292,7504.0,0
2026-05-14,11.54,12:00,p,0.25,0.882,7504.0,0
2026-05-14,11.54,12:00,p,0.3,0.6781,7504.0,0
2026-05-14,11.54,12:00,c,0.05,2.7114,7504.0,0
2026-05-14,11.54,12:00,c,0.1,2.0036,7504.0,0
2026-05-14,11.54,12:00,c,0.15,1.5759,7504.0,0
2026-05-14,11.54,12:00,c,0.2,1.2327,7504.0,0
2026-05-14,11.54,12:00,c,0.25,0.9942,7504.0,0
2026-05-14,11.54,12:00,c,0.3,0.7709,7504.0,0
2025-09-03,11.66,06:35,p,0.05,3.371,6441.0,0
2025-09-03,11.66,06:35,p,0.1,2.3779,6441.0,0
2025-09-03,11.66,06:35,p,0.15,1.8053,6441.0,0
2025-09-03,11.66,06:35,p,0.2,1.3914,6441.0,0
2025-09-03,11.66,06:35,p,0.25,1.082,6441.0,0
2025-09-03,11.66,06:35,p,0.3,0.8206,6441.0,0
2025-09-03,11.66,06:35,c,0.05,2.1938,6441.0,0
2025-09-03,11.66,06:35,c,0.1,1.5981,6441.0,0
2025-09-03,11.66,06:35,c,0.15,1.297,6441.0,0
2025-09-03,11.66,06:35,c,0.2,1.0698,6441.0,0
2025-09-03,11.66,06:35,c,0.25,0.8755,6441.0,0
2025-09-03,11.66,06:35,c,0.3,0.6955,6441.0,0
2025-09-03,11.66,08:00,p,0.05,3.0151,6451.46,0
2025-09-03,11.66,08:00,p,0.1,1.9543,6451.46,0
2025-09-03,11.66,08:00,p,0.15,1.4386,6451.46,0
2025-09-03,11.66,08:00,p,0.2,1.1134,6451.46,0
2025-09-03,11.66,08:00,p,0.25,0.8606,6451.46,0
2025-09-03,11.66,08:00,p,0.3,0.6312,6451.46,0
2025-09-03,11.66,08:00,c,0.05,1.5857,6451.46,0
2025-09-03,11.66,08:00,c,0.1,1.2367,6451.46,0
2025-09-03,11.66,08:00,c,0.15,1.0035,6451.46,0
2025-09-03,11.66,08:00,c,0.2,0.8189,6451.46,0
2025-09-03,11.66,08:00,c,0.25,0.6642,6451.46,0
2025-09-03,11.66,08:00,c,0.3,0.526,6451.46,0
2025-09-03,11.66,10:00,p,0.05,3.5361,6429.93,0
2025-09-03,11.66,10:00,p,0.1,2.3556,6429.93,0
2025-09-03,11.66,10:00,p,0.15,1.8547,6429.93,0
2025-09-03,11.66,10:00,p,0.2,1.3522,6429.93,0
2025-09-03,11.66,10:00,p,0.25,1.0402,6429.93,0
2025-09-03,11.66,10:00,p,0.3,0.7703,6429.93,0
2025-09-03,11.66,10:00,c,0.05,1.8178,6429.93,0
2025-09-03,11.66,10:00,c,0.1,1.3332,6429.93,0
2025-09-03,11.66,10:00,c,0.15,1.0716,6429.93,0
2025-09-03,11.66,10:00,c,0.2,0.9256,6429.93,0
2025-09-03,11.66,10:00,c,0.25,0.7796,6429.93,0
2025-09-03,11.66,10:00,c,0.3,0.6257,6429.93,0
2025-09-03,11.66,12:00,p,0.05,3.5475,6420.28,0
2025-09-03,11.66,12:00,p,0.1,2.4359,6420.28,0
2025-09-03,11.66,12:00,p,0.15,1.8215,6420.28,0
2025-09-03,11.66,12:00,p,0.2,1.4077,6420.28,0
2025-09-03,11.66,12:00,p,0.25,1.0982,6420.28,0
2025-09-03,11.66,12:00,p,0.3,0.8324,6420.28,0
2025-09-03,11.66,12:00,c,0.05,2.4151,6420.28,0
2025-09-03,11.66,12:00,c,0.1,1.8199,6420.28,0
2025-09-03,11.66,12:00,c,0.15,1.4847,6420.28,0
2025-09-03,11.66,12:00,c,0.2,1.1741,6420.28,0
2025-09-03,11.66,12:00,c,0.25,0.9643,6420.28,0
2025-09-03,11.66,12:00,c,0.3,0.7545,6420.28,0
2026-05-15,11.76,06:35,p,0.05,4.3388,7420.12,0
2026-05-15,11.76,06:35,p,0.1,3.21,7420.12,0
2026-05-15,11.76,06:35,p,0.15,2.4161,7420.12,0
2026-05-15,11.76,06:35,p,0.2,1.8861,7420.12,0
2026-05-15,11.76,06:35,p,0.25,1.4603,7420.12,0
2026-05-15,11.76,06:35,p,0.3,1.1406,7420.12,0
2026-05-15,11.76,06:35,c,0.05,3.8891,7420.12,0
2026-05-15,11.76,06:35,c,0.1,3.0149,7420.12,0
2026-05-15,11.76,06:35,c,0.15,2.4207,7420.12,0
2026-05-15,11.76,06:35,c,0.2,1.979,7420.12,0
2026-05-15,11.76,06:35,c,0.25,1.5894,7420.12,0
2026-05-15,11.76,06:35,c,0.3,1.2412,7420.12,0
2026-05-15,11.76,08:00,p,0.05,3.9183,7429.54,0
2026-05-15,11.76,08:00,p,0.1,2.787,7429.54,0
2026-05-15,11.76,08:00,p,0.15,2.2405,7429.54,0
2026-05-15,11.76,08:00,p,0.2,1.7682,7429.54,0
2026-05-15,11.76,08:00,p,0.25,1.4029,7429.54,0
2026-05-15,11.76,08:00,p,0.3,1.0812,7429.54,0
2026-05-15,11.76,08:00,c,0.05,3.2607,7429.54,0
2026-05-15,11.76,08:00,c,0.1,2.4321,7429.54,0
2026-05-15,11.76,08:00,c,0.15,1.9032,7429.54,0
2026-05-15,11.76,08:00,c,0.2,1.5576,7429.54,0
2026-05-15,11.76,08:00,c,0.25,1.2388,7429.54,0
2026-05-15,11.76,08:00,c,0.3,0.9583,7429.54,0
2026-05-15,11.76,10:00,p,0.05,3.6357,7429.25,0
2026-05-15,11.76,10:00,p,0.1,2.6093,7429.25,0
2026-05-15,11.76,10:00,p,0.15,1.9685,7429.25,0
2026-05-15,11.76,10:00,p,0.2,1.5511,7429.25,0
2026-05-15,11.76,10:00,p,0.25,1.2711,7429.25,0
2026-05-15,11.76,10:00,p,0.3,0.937,7429.25,0
2026-05-15,11.76,10:00,c,0.05,2.9285,7429.25,0
2026-05-15,11.76,10:00,c,0.1,2.1535,7429.25,0
2026-05-15,11.76,10:00,c,0.15,1.6565,7429.25,0
2026-05-15,11.76,10:00,c,0.2,1.37,7429.25,0
2026-05-15,11.76,10:00,c,0.25,1.0909,7429.25,0
2026-05-15,11.76,10:00,c,0.3,0.8393,7429.25,0
2026-05-15,11.76,12:00,p,0.05,3.1761,7435.95,0
2026-05-15,11.76,12:00,p,0.1,2.1814,7435.95,0
2026-05-15,11.76,12:00,p,0.15,1.656,7435.95,0
2026-05-15,11.76,12:00,p,0.2,1.2986,7435.95,0
2026-05-15,11.76,12:00,p,0.25,1.0069,7435.95,0
2026-05-15,11.76,12:00,p,0.3,0.7513,7435.95,0
2026-05-15,11.76,12:00,c,0.05,3.3013,7435.95,0
2026-05-15,11.76,12:00,c,0.1,2.4615,7435.95,0
2026-05-15,11.76,12:00,c,0.15,1.9393,7435.95,0
2026-05-15,11.76,12:00,c,0.2,1.5502,7435.95,0
2026-05-15,11.76,12:00,c,0.25,1.2618,7435.95,0
2026-05-15,11.76,12:00,c,0.3,0.987,7435.95,0
2025-12-15,12.02,06:35,p,0.05,3.9673,6847.73,0
2025-12-15,12.02,06:35,p,0.1,2.9572,6847.73,0
2025-12-15,12.02,06:35,p,0.15,2.3059,6847.73,0
2025-12-15,12.02,06:35,p,0.2,1.8356,6847.73,0
2025-12-15,12.02,06:35,p,0.25,1.4275,6847.73,0
2025-12-15,12.02,06:35,p,0.3,1.095,6847.73,0
2025-12-15,12.02,06:35,c,0.05,2.0691,6847.73,0
2025-12-15,12.02,06:35,c,0.1,1.6178,6847.73,0
2025-12-15,12.02,06:35,c,0.15,1.3303,6847.73,0
2025-12-15,12.02,06:35,c,0.2,1.0795,6847.73,0
2025-12-15,12.02,06:35,c,0.25,0.864,6847.73,0
2025-12-15,12.02,06:35,c,0.3,0.672,6847.73,0
2025-12-15,12.02,08:00,p,0.05,3.5712,6820.63,0
2025-12-15,12.02,08:00,p,0.1,2.5115,6820.63,0
2025-12-15,12.02,08:00,p,0.15,1.9852,6820.63,0
2025-12-15,12.02,08:00,p,0.2,1.5465,6820.63,0
2025-12-15,12.02,08:00,p,0.25,1.1992,6820.63,0
2025-12-15,12.02,08:00,p,0.3,0.9195,6820.63,0
2025-12-15,12.02,08:00,c,0.05,2.7194,6820.63,0
2025-12-15,12.02,08:00,c,0.1,2.0671,6820.63,0
2025-12-15,12.02,08:00,c,0.15,1.6782,6820.63,0
2025-12-15,12.02,08:00,c,0.2,1.3746,6820.63,0
2025-12-15,12.02,08:00,c,0.25,1.1129,6820.63,0
2025-12-15,12.02,08:00,c,0.3,0.8777,6820.63,0
2025-12-15,12.02,10:00,p,0.05,3.1272,6814.25,0
2025-12-15,12.02,10:00,p,0.1,2.2425,6814.25,0
2025-12-15,12.02,10:00,p,0.15,1.7315,6814.25,0
2025-12-15,12.02,10:00,p,0.2,1.3622,6814.25,0
2025-12-15,12.02,10:00,p,0.25,1.0564,6814.25,0
2025-12-15,12.02,10:00,p,0.3,0.7957,6814.25,0
2025-12-15,12.02,10:00,c,0.05,2.5773,6814.25,0
2025-12-15,12.02,10:00,c,0.1,1.8983,6814.25,0
2025-12-15,12.02,10:00,c,0.15,1.5306,6814.25,0
2025-12-15,12.02,10:00,c,0.2,1.2567,6814.25,0
2025-12-15,12.02,10:00,c,0.25,1.0152,6814.25,0
2025-12-15,12.02,10:00,c,0.3,0.8064,6814.25,0
2025-12-15,12.02,12:00,p,0.05,2.7265,6826.02,0
2025-12-15,12.02,12:00,p,0.1,1.951,6826.02,0
2025-12-15,12.02,12:00,p,0.15,1.5129,6826.02,0
2025-12-15,12.02,12:00,p,0.2,1.1705,6826.02,0
2025-12-15,12.02,12:00,p,0.25,0.932,6826.02,0
2025-12-15,12.02,12:00,p,0.3,0.6934,6826.02,0
2025-12-15,12.02,12:00,c,0.05,2.7217,6826.02,0
2025-12-15,12.02,12:00,c,0.1,1.9775,6826.02,0
2025-12-15,12.02,12:00,c,0.15,1.555,6826.02,0
2025-12-15,12.02,12:00,c,0.2,1.2711,6826.02,0
2025-12-15,12.02,12:00,c,0.25,0.9977,6826.02,0
2025-12-15,12.02,12:00,c,0.3,0.7937,6826.02,0
2025-06-30,12.15,06:35,p,0.05,3.2928,6189.09,0
2025-06-30,12.15,06:35,p,0.1,2.3203,6189.09,0
2025-06-30,12.15,06:35,p,0.15,1.7967,6189.09,0
2025-06-30,12.15,06:35,p,0.2,1.4001,6189.09,0
2025-06-30,12.15,06:35,p,0.25,1.093,6189.09,0
2025-06-30,12.15,06:35,p,0.3,0.8276,6189.09,0
2025-06-30,12.15,06:35,c,0.05,2.4659,6189.09,0
2025-06-30,12.15,06:35,c,0.1,1.9721,6189.09,0
2025-06-30,12.15,06:35,c,0.15,1.6066,6189.09,0
2025-06-30,12.15,06:35,c,0.2,1.3276,6189.09,0
2025-06-30,12.15,06:35,c,0.25,1.0787,6189.09,0
2025-06-30,12.15,06:35,c,0.3,0.8564,6189.09,0
2025-06-30,12.15,08:00,p,0.05,3.6426,6182.82,0
2025-06-30,12.15,08:00,p,0.1,2.4467,6182.82,0
2025-06-30,12.15,08:00,p,0.15,1.8641,6182.82,0
2025-06-30,12.15,08:00,p,0.2,1.454,6182.82,0
2025-06-30,12.15,08:00,p,0.25,1.1331,6182.82,0
2025-06-30,12.15,08:00,p,0.3,0.8577,6182.82,0
2025-06-30,12.15,08:00,c,0.05,2.489,6182.82,0
2025-06-30,12.15,08:00,c,0.1,1.8798,6182.82,0
2025-06-30,12.15,08:00,c,0.15,1.5096,6182.82,0
2025-06-30,12.15,08:00,c,0.2,1.229,6182.82,0
2025-06-30,12.15,08:00,c,0.25,1.0012,6182.82,0
2025-06-30,12.15,08:00,c,0.3,0.789,6182.82,0
2025-06-30,12.15,10:00,p,0.05,3.401,6189.53,0
2025-06-30,12.15,10:00,p,0.1,2.4162,6189.53,0
2025-06-30,12.15,10:00,p,0.15,1.8872,6189.53,0
2025-06-30,12.15,10:00,p,0.2,1.4835,6189.53,0
2025-06-30,12.15,10:00,p,0.25,1.1716,6189.53,0
2025-06-30,12.15,10:00,p,0.3,0.8995,6189.53,0
2025-06-30,12.15,10:00,c,0.05,2.623,6189.53,0
2025-06-30,12.15,10:00,c,0.1,1.9838,6189.53,0
2025-06-30,12.15,10:00,c,0.15,1.5928,6189.53,0
2025-06-30,12.15,10:00,c,0.2,1.2952,6189.53,0
2025-06-30,12.15,10:00,c,0.25,1.0351,6189.53,0
2025-06-30,12.15,10:00,c,0.3,0.8011,6189.53,0
2025-06-30,12.15,12:00,p,0.05,4.3247,6191.83,0
2025-06-30,12.15,12:00,p,0.1,3.1893,6191.83,0
2025-06-30,12.15,12:00,p,0.15,2.5156,6191.83,0
2025-06-30,12.15,12:00,p,0.2,1.9969,6191.83,0
2025-06-30,12.15,12:00,p,0.25,1.5953,6191.83,0
2025-06-30,12.15,12:00,p,0.3,1.2351,6191.83,0
2025-06-30,12.15,12:00,c,0.05,4.9449,6191.83,0
2025-06-30,12.15,12:00,c,0.1,3.7224,6191.83,0
2025-06-30,12.15,12:00,c,0.15,2.9942,6191.83,0
2025-06-30,12.15,12:00,c,0.2,2.405,6191.83,0
2025-06-30,12.15,12:00,c,0.25,1.9032,6191.83,0
2025-06-30,12.15,12:00,c,0.3,1.4582,6191.83,0
2026-05-19,12.31,06:35,p,0.05,4.0415,7362.84,0
2026-05-19,12.31,06:35,p,0.1,2.8925,7362.84,0
2026-05-19,12.31,06:35,p,0.15,2.2844,7362.84,0
2026-05-19,12.31,06:35,p,0.2,1.8298,7362.84,0
2026-05-19,12.31,06:35,p,0.25,1.4128,7362.84,0
2026-05-19,12.31,06:35,p,0.3,1.0823,7362.84,0
2026-05-19,12.31,06:35,c,0.05,3.3331,7362.84,0
2026-05-19,12.31,06:35,c,0.1,2.5337,7362.84,0
2026-05-19,12.31,06:35,c,0.15,2.0368,7362.84,0
2026-05-19,12.31,06:35,c,0.2,1.661,7362.84,0
2026-05-19,12.31,06:35,c,0.25,1.3508,7362.84,0
2026-05-19,12.31,06:35,c,0.3,1.0892,7362.84,0
2026-05-19,12.31,08:00,p,0.05,3.5799,7349.73,0
2026-05-19,12.31,08:00,p,0.1,2.6571,7349.73,0
2026-05-19,12.31,08:00,p,0.15,2.1045,7349.73,0
2026-05-19,12.31,08:00,p,0.2,1.6269,7349.73,0
2026-05-19,12.31,08:00,p,0.25,1.2934,7349.73,0
2026-05-19,12.31,08:00,p,0.3,1.0042,7349.73,0
2026-05-19,12.31,08:00,c,0.05,3.2898,7349.73,0
2026-05-19,12.31,08:00,c,0.1,2.4446,7349.73,0
2026-05-19,12.31,08:00,c,0.15,1.9266,7349.73,0
2026-05-19,12.31,08:00,c,0.2,1.567,7349.73,0
2026-05-19,12.31,08:00,c,0.25,1.2704,7349.73,0
2026-05-19,12.31,08:00,c,0.3,0.9845,7349.73,0
2026-05-19,12.31,10:00,p,0.05,3.4071,7380.35,0
2026-05-19,12.31,10:00,p,0.1,2.4934,7380.35,0
2026-05-19,12.31,10:00,p,0.15,1.9241,7380.35,0
2026-05-19,12.31,10:00,p,0.2,1.5022,7380.35,0
2026-05-19,12.31,10:00,p,0.25,1.1698,7380.35,0
2026-05-19,12.31,10:00,p,0.3,0.9043,7380.35,0
2026-05-19,12.31,10:00,c,0.05,2.9014,7380.35,0
2026-05-19,12.31,10:00,c,0.1,2.2538,7380.35,0
2026-05-19,12.31,10:00,c,0.15,1.7837,7380.35,0
2026-05-19,12.31,10:00,c,0.2,1.4449,7380.35,0
2026-05-19,12.31,10:00,c,0.25,1.1427,7380.35,0
2026-05-19,12.31,10:00,c,0.3,0.8982,7380.35,0
2026-05-19,12.31,12:00,p,0.05,3.8372,7363.33,0
2026-05-19,12.31,12:00,p,0.1,2.7727,7363.33,0
2026-05-19,12.31,12:00,p,0.15,2.2638,7363.33,0
2026-05-19,12.31,12:00,p,0.2,1.7385,7363.33,0
2026-05-19,12.31,12:00,p,0.25,1.3798,7363.33,0
2026-05-19,12.31,12:00,p,0.3,1.0583,7363.33,0
2026-05-19,12.31,12:00,c,0.05,3.6901,7363.33,0
2026-05-19,12.31,12:00,c,0.1,2.6798,7363.33,0
2026-05-19,12.31,12:00,c,0.15,2.1235,7363.33,0
2026-05-19,12.31,12:00,c,0.2,1.6818,7363.33,0
2026-05-19,12.31,12:00,c,0.25,1.3313,7363.33,0
2026-05-19,12.31,12:00,c,0.3,1.034,7363.33,0
2025-08-08,12.43,06:35,p,0.05,3.1088,6359.91,0
2025-08-08,12.43,06:35,p,0.1,2.3407,6359.91,0
2025-08-08,12.43,06:35,p,0.15,1.602,6359.91,0
2025-08-08,12.43,06:35,p,0.2,1.3289,6359.91,0
2025-08-08,12.43,06:35,p,0.25,1.121,6359.91,0
2025-08-08,12.43,06:35,p,0.3,0.7161,6359.91,0
2025-08-08,12.43,06:35,c,0.05,2.2637,6359.91,0
2025-08-08,12.43,06:35,c,0.1,1.6844,6359.91,0
2025-08-08,12.43,06:35,c,0.15,1.4027,6359.91,0
2025-08-08,12.43,06:35,c,0.2,1.1613,6359.91,0
2025-08-08,12.43,06:35,c,0.25,0.964,6359.91,0
2025-08-08,12.43,06:35,c,0.3,0.7644,6359.91,0
2025-08-08,12.43,08:00,p,0.05,3.8851,6377.0,0
2025-08-08,12.43,08:00,p,0.1,2.3871,6377.0,0
2025-08-08,12.43,08:00,p,0.15,1.6638,6377.0,0
2025-08-08,12.43,08:00,p,0.2,1.101,6377.0,0
2025-08-08,12.43,08:00,p,0.25,0.9431,6377.0,0
2025-08-08,12.43,08:00,p,0.3,0.7309,6377.0,0
2025-08-08,12.43,08:00,c,0.05,1.9204,6377.0,0
2025-08-08,12.43,08:00,c,0.1,1.4238,6377.0,0
2025-08-08,12.43,08:00,c,0.15,1.1359,6377.0,0
2025-08-08,12.43,08:00,c,0.2,0.9261,6377.0,0
2025-08-08,12.43,08:00,c,0.25,0.7505,6377.0,0
2025-08-08,12.43,08:00,c,0.3,0.5882,6377.0,0
2025-08-08,12.43,10:00,p,0.05,3.3755,6384.39,0
2025-08-08,12.43,10:00,p,0.1,1.9827,6384.39,0
2025-08-08,12.43,10:00,p,0.15,1.5027,6384.39,0
2025-08-08,12.43,10:00,p,0.2,1.1953,6384.39,0
2025-08-08,12.43,10:00,p,0.25,0.8785,6384.39,0
2025-08-08,12.43,10:00,p,0.3,0.5962,6384.39,0
2025-08-08,12.43,10:00,c,0.05,1.6971,6384.39,0
2025-08-08,12.43,10:00,c,0.1,1.3556,6384.39,0
2025-08-08,12.43,10:00,c,0.15,1.0266,6384.39,0
2025-08-08,12.43,10:00,c,0.2,0.8903,6384.39,0
2025-08-08,12.43,10:00,c,0.25,0.7541,6384.39,0
2025-08-08,12.43,10:00,c,0.3,0.6149,6384.39,0
2025-08-08,12.43,12:00,p,0.05,2.7092,6390.91,0
2025-08-08,12.43,12:00,p,0.1,1.761,6390.91,0
2025-08-08,12.43,12:00,p,0.15,1.3217,6390.91,0
2025-08-08,12.43,12:00,p,0.2,1.0602,6390.91,0
2025-08-08,12.43,12:00,p,0.25,0.8147,6390.91,0
2025-08-08,12.43,12:00,p,0.3,0.6146,6390.91,0
2025-08-08,12.43,12:00,c,0.05,2.0575,6390.91,0
2025-08-08,12.43,12:00,c,0.1,1.4586,6390.91,0
2025-08-08,12.43,12:00,c,0.15,1.1565,6390.91,0
2025-08-08,12.43,12:00,c,0.2,0.9338,6390.91,0
2025-08-08,12.43,12:00,c,0.25,0.7424,6390.91,0
2025-08-08,12.43,12:00,c,0.3,0.551,6390.91,0
2026-04-21,12.55,06:35,p,0.05,3.6083,7117.85,0
2026-04-21,12.55,06:35,p,0.1,2.5022,7117.85,0
2026-04-21,12.55,06:35,p,0.15,1.9566,7117.85,0
2026-04-21,12.55,06:35,p,0.2,1.509,7117.85,0
2026-04-21,12.55,06:35,p,0.25,1.2006,7117.85,0
2026-04-21,12.55,06:35,p,0.3,0.8851,7117.85,0
2026-04-21,12.55,06:35,c,0.05,2.4999,7117.85,0
2026-04-21,12.55,06:35,c,0.1,1.8826,7117.85,0
2026-04-21,12.55,06:35,c,0.15,1.5249,7117.85,0
2026-04-21,12.55,06:35,c,0.2,1.2461,7117.85,0
2026-04-21,12.55,06:35,c,0.25,0.9985,7117.85,0
2026-04-21,12.55,06:35,c,0.3,0.7743,7117.85,0
2026-04-21,12.55,08:00,p,0.05,4.4699,7098.86,0
2026-04-21,12.55,08:00,p,0.1,3.3874,7098.86,0
2026-04-21,12.55,08:00,p,0.15,2.4103,7098.86,0
2026-04-21,12.55,08:00,p,0.2,1.8757,7098.86,0
2026-04-21,12.55,08:00,p,0.25,1.4164,7098.86,0
2026-04-21,12.55,08:00,p,0.3,1.0532,7098.86,0
2026-04-21,12.55,08:00,c,0.05,2.2536,7098.86,0
2026-04-21,12.55,08:00,c,0.1,1.7539,7098.86,0
2026-04-21,12.55,08:00,c,0.15,1.433,7098.86,0
2026-04-21,12.55,08:00,c,0.2,1.1665,7098.86,0
2026-04-21,12.55,08:00,c,0.25,0.9512,7098.86,0
2026-04-21,12.55,08:00,c,0.3,0.7465,7098.86,0
2026-04-21,12.55,10:00,p,0.05,4.0788,7079.82,0
2026-04-21,12.55,10:00,p,0.1,2.7687,7079.82,0
2026-04-21,12.55,10:00,p,0.15,2.0165,7079.82,0
2026-04-21,12.55,10:00,p,0.2,1.52,7079.82,0
2026-04-21,12.55,10:00,p,0.25,1.1834,7079.82,0
2026-04-21,12.55,10:00,p,0.3,0.8931,7079.82,0
2026-04-21,12.55,10:00,c,0.05,2.2219,7079.82,0
2026-04-21,12.55,10:00,c,0.1,1.6603,7079.82,0
2026-04-21,12.55,10:00,c,0.15,1.3364,7079.82,0
2026-04-21,12.55,10:00,c,0.2,1.0894,7079.82,0
2026-04-21,12.55,10:00,c,0.25,0.8756,7079.82,0
2026-04-21,12.55,10:00,c,0.3,0.6798,7079.82,0
2026-04-21,12.55,12:00,p,0.05,3.0258,7087.28,0
2026-04-21,12.55,12:00,p,0.1,2.1927,7087.28,0
2026-04-21,12.55,12:00,p,0.15,1.6981,7087.28,0
2026-04-21,12.55,12:00,p,0.2,1.3321,7087.28,0
2026-04-21,12.55,12:00,p,0.25,1.0525,7087.28,0
2026-04-21,12.55,12:00,p,0.3,0.7834,7087.28,0
2026-04-21,12.55,12:00,c,0.05,3.8863,7087.28,0
2026-04-21,12.55,12:00,c,0.1,2.7883,7087.28,0
2026-04-21,12.55,12:00,c,0.15,2.1403,7087.28,0
2026-04-21,12.55,12:00,c,0.2,1.6998,7087.28,0
2026-04-21,12.55,12:00,c,0.25,1.3296,7087.28,0
2026-04-21,12.55,12:00,c,0.3,1.0408,7087.28,0
2025-05-20,12.86,06:35,p,0.05,3.5389,5946.29,0
2025-05-20,12.86,06:35,p,0.1,2.6023,5946.29,0
2025-05-20,12.86,06:35,p,0.15,2.0197,5946.29,0
2025-05-20,12.86,06:35,p,0.2,1.6092,5946.29,0
2025-05-20,12.86,06:35,p,0.25,1.2695,5946.29,0
2025-05-20,12.86,06:35,p,0.3,0.9751,5946.29,0
2025-05-20,12.86,06:35,c,0.05,2.899,5946.29,0
2025-05-20,12.86,06:35,c,0.1,2.2074,5946.29,0
2025-05-20,12.86,06:35,c,0.15,1.7745,5946.29,0
2025-05-20,12.86,06:35,c,0.2,1.4386,5946.29,0
2025-05-20,12.86,06:35,c,0.25,1.1541,5946.29,0
2025-05-20,12.86,06:35,c,0.3,0.9028,5946.29,0
2025-05-20,12.86,08:00,p,0.05,2.9445,5942.78,0
2025-05-20,12.86,08:00,p,0.1,2.0833,5942.78,0
2025-05-20,12.86,08:00,p,0.15,1.5998,5942.78,0
2025-05-20,12.86,08:00,p,0.2,1.2467,5942.78,0
2025-05-20,12.86,08:00,p,0.25,0.9601,5942.78,0
2025-05-20,12.86,08:00,p,0.3,0.721,5942.78,0
2025-05-20,12.86,08:00,c,0.05,2.8804,5942.78,0
2025-05-20,12.86,08:00,c,0.1,2.0916,5942.78,0
2025-05-20,12.86,08:00,c,0.15,1.6726,5942.78,0
2025-05-20,12.86,08:00,c,0.2,1.3683,5942.78,0
2025-05-20,12.86,08:00,c,0.25,1.1159,5942.78,0
2025-05-20,12.86,08:00,c,0.3,0.8903,5942.78,0
2025-05-20,12.86,10:00,p,0.05,3.0639,5946.4,0
2025-05-20,12.86,10:00,p,0.1,2.1552,5946.4,0
2025-05-20,12.86,10:00,p,0.15,1.6759,5946.4,0
2025-05-20,12.86,10:00,p,0.2,1.3208,5946.4,0
2025-05-20,12.86,10:00,p,0.25,1.0312,5946.4,0
2025-05-20,12.86,10:00,p,0.3,0.779,5946.4,0
2025-05-20,12.86,10:00,c,0.05,2.8564,5946.4,0
2025-05-20,12.86,10:00,c,0.1,2.0025,5946.4,0
2025-05-20,12.86,10:00,c,0.15,1.5984,5946.4,0
2025-05-20,12.86,10:00,c,0.2,1.294,5946.4,0
2025-05-20,12.86,10:00,c,0.25,1.0417,5946.4,0
2025-05-20,12.86,10:00,c,0.3,0.8167,5946.4,0
2025-05-20,12.86,12:00,p,0.05,4.3569,5921.91,0
2025-05-20,12.86,12:00,p,0.1,3.0261,5921.91,0
2025-05-20,12.86,12:00,p,0.15,2.2809,5921.91,0
2025-05-20,12.86,12:00,p,0.2,1.7535,5921.91,0
2025-05-20,12.86,12:00,p,0.25,1.3283,5921.91,0
2025-05-20,12.86,12:00,p,0.3,0.9724,5921.91,0
2025-05-20,12.86,12:00,c,0.05,3.784,5921.91,0
2025-05-20,12.86,12:00,c,0.1,2.8204,5921.91,0
2025-05-20,12.86,12:00,c,0.15,2.2852,5921.91,0
2025-05-20,12.86,12:00,c,0.2,1.8845,5921.91,0
2025-05-20,12.86,12:00,c,0.25,1.5255,5921.91,0
2025-05-20,12.86,12:00,c,0.3,1.2289,5921.91,0
2026-05-20,13.05,06:35,p,0.05,3.1654,7374.44,0
2026-05-20,13.05,06:35,p,0.1,2.29,7374.44,0
2026-05-20,13.05,06:35,p,0.15,1.7834,7374.44,0
2026-05-20,13.05,06:35,p,0.2,1.4287,7374.44,0
2026-05-20,13.05,06:35,p,0.25,1.1176,7374.44,0
2026-05-20,13.05,06:35,p,0.3,0.8438,7374.44,0
2026-05-20,13.05,06:35,c,0.05,2.7986,7374.44,0
2026-05-20,13.05,06:35,c,0.1,2.1309,7374.44,0
2026-05-20,13.05,06:35,c,0.15,1.7426,7374.44,0
2026-05-20,13.05,06:35,c,0.2,1.4264,7374.44,0
2026-05-20,13.05,06:35,c,0.25,1.1498,7374.44,0
2026-05-20,13.05,06:35,c,0.3,0.9072,7374.44,0
2026-05-20,13.05,08:00,p,0.05,2.981,7411.29,0
2026-05-20,13.05,08:00,p,0.1,2.1293,7411.29,0
2026-05-20,13.05,08:00,p,0.15,1.6284,7411.29,0
2026-05-20,13.05,08:00,p,0.2,1.2823,7411.29,0
2026-05-20,13.05,08:00,p,0.25,0.9941,7411.29,0
2026-05-20,13.05,08:00,p,0.3,0.7487,7411.29,0
2026-05-20,13.05,08:00,c,0.05,2.2082,7411.29,0
2026-05-20,13.05,08:00,c,0.1,1.6749,7411.29,0
2026-05-20,13.05,08:00,c,0.15,1.3704,7411.29,0
2026-05-20,13.05,08:00,c,0.2,1.1122,7411.29,0
2026-05-20,13.05,08:00,c,0.25,0.9008,7411.29,0
2026-05-20,13.05,08:00,c,0.3,0.7087,7411.29,0
2026-05-20,13.05,10:00,p,0.05,2.7429,7412.31,0
2026-05-20,13.05,10:00,p,0.1,1.9234,7412.31,0
2026-05-20,13.05,10:00,p,0.15,1.4838,7412.31,0
2026-05-20,13.05,10:00,p,0.2,1.1311,7412.31,0
2026-05-20,13.05,10:00,p,0.25,0.8578,7412.31,0
2026-05-20,13.05,10:00,p,0.3,0.6566,7412.31,0
2026-05-20,13.05,10:00,c,0.05,2.4794,7412.31,0
2026-05-20,13.05,10:00,c,0.1,1.8441,7412.31,0
2026-05-20,13.05,10:00,c,0.15,1.5306,7412.31,0
2026-05-20,13.05,10:00,c,0.2,1.2482,7412.31,0
2026-05-20,13.05,10:00,c,0.25,1.011,7412.31,0
2026-05-20,13.05,10:00,c,0.3,0.8058,7412.31,0
2026-05-20,13.05,12:00,p,0.05,2.7957,7419.87,0
2026-05-20,13.05,12:00,p,0.1,2.0473,7419.87,0
2026-05-20,13.05,12:00,p,0.15,1.544,7419.87,0
2026-05-20,13.05,12:00,p,0.2,1.2255,7419.87,0
2026-05-20,13.05,12:00,p,0.25,0.9532,7419.87,0
2026-05-20,13.05,12:00,p,0.3,0.7511,7419.87,0
2026-05-20,13.05,12:00,c,0.05,2.4174,7419.87,0
2026-05-20,13.05,12:00,c,0.1,1.7081,7419.87,0
2026-05-20,13.05,12:00,c,0.15,1.3132,7419.87,0
2026-05-20,13.05,12:00,c,0.2,1.0199,7419.87,0
2026-05-20,13.05,12:00,c,0.25,0.8192,7419.87,0
2026-05-20,13.05,12:00,c,0.3,0.6335,7419.87,0
2025-11-03,13.42,06:35,p,0.05,3.4953,6868.81,0
2025-11-03,13.42,06:35,p,0.1,2.4593,6868.81,0
2025-11-03,13.42,06:35,p,0.15,1.8785,6868.81,0
2025-11-03,13.42,06:35,p,0.2,1.4587,6868.81,0
2025-11-03,13.42,06:35,p,0.25,1.1316,6868.81,0
2025-11-03,13.42,06:35,p,0.3,0.862,6868.81,0
2025-11-03,13.42,06:35,c,0.05,1.8315,6868.81,0
2025-11-03,13.42,06:35,c,0.1,1.476,6868.81,0
2025-11-03,13.42,06:35,c,0.15,1.2201,6868.81,0
2025-11-03,13.42,06:35,c,0.2,1.0091,6868.81,0
2025-11-03,13.42,06:35,c,0.25,0.8203,6868.81,0
2025-11-03,13.42,06:35,c,0.3,0.6506,6868.81,0
2025-11-03,13.42,08:00,p,0.05,3.6394,6845.09,0
2025-11-03,13.42,08:00,p,0.1,2.5886,6845.09,0
2025-11-03,13.42,08:00,p,0.15,1.9505,6845.09,0
2025-11-03,13.42,08:00,p,0.2,1.518,6845.09,0
2025-11-03,13.42,08:00,p,0.25,1.1901,6845.09,0
2025-11-03,13.42,08:00,p,0.3,0.8809,6845.09,0
2025-11-03,13.42,08:00,c,0.05,2.1113,6845.09,0
2025-11-03,13.42,08:00,c,0.1,1.6295,6845.09,0
2025-11-03,13.42,08:00,c,0.15,1.3356,6845.09,0
2025-11-03,13.42,08:00,c,0.2,1.0907,6845.09,0
2025-11-03,13.42,08:00,c,0.25,0.8875,6845.09,0
2025-11-03,13.42,08:00,c,0.3,0.7003,6845.09,0
2025-11-03,13.42,10:00,p,0.05,2.8296,6859.98,0
2025-11-03,13.42,10:00,p,0.1,1.8973,6859.98,0
2025-11-03,13.42,10:00,p,0.15,1.4131,6859.98,0
2025-11-03,13.42,10:00,p,0.2,1.0862,6859.98,0
2025-11-03,13.42,10:00,p,0.25,0.8378,6859.98,0
2025-11-03,13.42,10:00,p,0.3,0.6261,6859.98,0
2025-11-03,13.42,10:00,c,0.05,1.6348,6859.98,0
2025-11-03,13.42,10:00,c,0.1,1.2691,6859.98,0
2025-11-03,13.42,10:00,c,0.15,1.0261,6859.98,0
2025-11-03,13.42,10:00,c,0.2,0.8322,6859.98,0
2025-11-03,13.42,10:00,c,0.25,0.6765,6859.98,0
2025-11-03,13.42,10:00,c,0.3,0.5306,6859.98,0
2025-11-03,13.42,12:00,p,0.05,2.5549,6855.61,0
2025-11-03,13.42,12:00,p,0.1,1.7751,6855.61,0
2025-11-03,13.42,12:00,p,0.15,1.3886,6855.61,0
2025-11-03,13.42,12:00,p,0.2,1.0725,6855.61,0
2025-11-03,13.42,12:00,p,0.25,0.8559,6855.61,0
2025-11-03,13.42,12:00,p,0.3,0.6393,6855.61,0
2025-11-03,13.42,12:00,c,0.05,1.8298,6855.61,0
2025-11-03,13.42,12:00,c,0.1,1.3613,6855.61,0
2025-11-03,13.42,12:00,c,0.15,1.1051,6855.61,0
2025-11-03,13.42,12:00,c,0.2,0.8882,6855.61,0
2025-11-03,13.42,12:00,c,0.25,0.7269,6855.61,0
2025-11-03,13.42,12:00,c,0.3,0.5655,6855.61,0
2025-02-12,13.6,06:35,p,0.05,3.7261,6014.04,0
2025-02-12,13.6,06:35,p,0.1,2.7605,6014.04,0
2025-02-12,13.6,06:35,p,0.15,2.1653,6014.04,0
2025-02-12,13.6,06:35,p,0.2,1.7322,6014.04,0
2025-02-12,13.6,06:35,p,0.25,1.3694,6014.04,0
2025-02-12,13.6,06:35,p,0.3,1.0471,6014.04,0
2025-02-12,13.6,06:35,c,0.05,2.8399,6014.04,0
2025-02-12,13.6,06:35,c,0.1,2.2186,6014.04,0
2025-02-12,13.6,06:35,c,0.15,1.8149,6014.04,0
2025-02-12,13.6,06:35,c,0.2,1.4954,6014.04,0
2025-02-12,13.6,06:35,c,0.25,1.2152,6014.04,0
2025-02-12,13.6,06:35,c,0.3,0.9584,6014.04,0
2025-02-12,13.6,08:00,p,0.05,3.3401,6042.59,0
2025-02-12,13.6,08:00,p,0.1,2.3659,6042.59,0
2025-02-12,13.6,08:00,p,0.15,1.8051,6042.59,0
2025-02-12,13.6,08:00,p,0.2,1.4028,6042.59,0
2025-02-12,13.6,08:00,p,0.25,1.0925,6042.59,0
2025-02-12,13.6,08:00,p,0.3,0.8296,6042.59,0
2025-02-12,13.6,08:00,c,0.05,2.1231,6042.59,0
2025-02-12,13.6,08:00,c,0.1,1.6056,6042.59,0
2025-02-12,13.6,08:00,c,0.15,1.2907,6042.59,0
2025-02-12,13.6,08:00,c,0.2,1.0518,6042.59,0
2025-02-12,13.6,08:00,c,0.25,0.8493,6042.59,0
2025-02-12,13.6,08:00,c,0.3,0.6693,6042.59,0
2025-02-12,13.6,10:00,p,0.05,3.0864,6061.84,0
2025-02-12,13.6,10:00,p,0.1,2.0824,6061.84,0
2025-02-12,13.6,10:00,p,0.15,1.5561,6061.84,0
2025-02-12,13.6,10:00,p,0.2,1.1951,6061.84,0
2025-02-12,13.6,10:00,p,0.25,0.9202,6061.84,0
2025-02-12,13.6,10:00,p,0.3,0.6906,6061.84,0
2025-02-12,13.6,10:00,c,0.05,2.105,6061.84,0
2025-02-12,13.6,10:00,c,0.1,1.5796,6061.84,0
2025-02-12,13.6,10:00,c,0.15,1.2447,6061.84,0
2025-02-12,13.6,10:00,c,0.2,1.0051,6061.84,0
2025-02-12,13.6,10:00,c,0.25,0.8,6061.84,0
2025-02-12,13.6,10:00,c,0.3,0.6277,6061.84,0
2025-02-12,13.6,12:00,p,0.05,2.8481,6055.98,0
2025-02-12,13.6,12:00,p,0.1,1.9549,6055.98,0
2025-02-12,13.6,12:00,p,0.15,1.48,6055.98,0
2025-02-12,13.6,12:00,p,0.2,1.1398,6055.98,0
2025-02-12,13.6,12:00,p,0.25,0.897,6055.98,0
2025-02-12,13.6,12:00,p,0.3,0.6621,6055.98,0
2025-02-12,13.6,12:00,c,0.05,2.2951,6055.98,0
2025-02-12,13.6,12:00,c,0.1,1.6365,6055.98,0
2025-02-12,13.6,12:00,c,0.15,1.3053,6055.98,0
2025-02-12,13.6,12:00,c,0.2,1.0067,6055.98,0
2025-02-12,13.6,12:00,c,0.25,0.8177,6055.98,0
2025-02-12,13.6,12:00,c,0.3,0.6287,6055.98,0
2026-04-24,13.87,06:35,p,0.05,3.5141,7122.5,0
2026-04-24,13.87,06:35,p,0.1,2.5452,7122.5,0
2026-04-24,13.87,06:35,p,0.15,1.9693,7122.5,0
2026-04-24,13.87,06:35,p,0.2,1.5438,7122.5,0
2026-04-24,13.87,06:35,p,0.25,1.1384,7122.5,0
2026-04-24,13.87,06:35,p,0.3,0.9013,7122.5,0
2026-04-24,13.87,06:35,c,0.05,2.5729,7122.5,0
2026-04-24,13.87,06:35,c,0.1,1.9222,7122.5,0
2026-04-24,13.87,06:35,c,0.15,1.5584,7122.5,0
2026-04-24,13.87,06:35,c,0.2,1.2909,7122.5,0
2026-04-24,13.87,06:35,c,0.25,1.041,7122.5,0
2026-04-24,13.87,06:35,c,0.3,0.8256,7122.5,0
2026-04-24,13.87,08:00,p,0.05,3.227,7137.91,0
2026-04-24,13.87,08:00,p,0.1,2.1556,7137.91,0
2026-04-24,13.87,08:00,p,0.15,1.5887,7137.91,0
2026-04-24,13.87,08:00,p,0.2,1.22,7137.91,0
2026-04-24,13.87,08:00,p,0.25,0.9262,7137.91,0
2026-04-24,13.87,08:00,p,0.3,0.6832,7137.91,0
2026-04-24,13.87,08:00,c,0.05,1.9691,7137.91,0
2026-04-24,13.87,08:00,c,0.1,1.4776,7137.91,0
2026-04-24,13.87,08:00,c,0.15,1.1865,7137.91,0
2026-04-24,13.87,08:00,c,0.2,0.9475,7137.91,0
2026-04-24,13.87,08:00,c,0.25,0.7797,7137.91,0
2026-04-24,13.87,08:00,c,0.3,0.6163,7137.91,0
2026-04-24,13.87,10:00,p,0.05,3.4987,7159.87,0
2026-04-24,13.87,10:00,p,0.1,2.2095,7159.87,0
2026-04-24,13.87,10:00,p,0.15,1.5521,7159.87,0
2026-04-24,13.87,10:00,p,0.2,1.1793,7159.87,0
2026-04-24,13.87,10:00,p,0.25,0.8806,7159.87,0
2026-04-24,13.87,10:00,p,0.3,0.6517,7159.87,0
2026-04-24,13.87,10:00,c,0.05,2.0468,7159.87,0
2026-04-24,13.87,10:00,c,0.1,1.4743,7159.87,0
2026-04-24,13.87,10:00,c,0.15,1.156,7159.87,0
2026-04-24,13.87,10:00,c,0.2,0.9319,7159.87,0
2026-04-24,13.87,10:00,c,0.25,0.7461,7159.87,0
2026-04-24,13.87,10:00,c,0.3,0.5847,7159.87,0
2026-04-24,13.87,12:00,p,0.05,2.7163,7159.58,0
2026-04-24,13.87,12:00,p,0.1,1.7913,7159.58,0
2026-04-24,13.87,12:00,p,0.15,1.338,7159.58,0
2026-04-24,13.87,12:00,p,0.2,1.0452,7159.58,0
2026-04-24,13.87,12:00,p,0.25,0.808,7159.58,0
2026-04-24,13.87,12:00,p,0.3,0.6233,7159.58,0
2026-04-24,13.87,12:00,c,0.05,2.3584,7159.58,0
2026-04-24,13.87,12:00,c,0.1,1.6289,7159.58,0
2026-04-24,13.87,12:00,c,0.15,1.2669,7159.58,0
2026-04-24,13.87,12:00,c,0.2,0.9897,7159.58,0
2026-04-24,13.87,12:00,c,0.25,0.7982,7159.58,0
2026-04-24,13.87,12:00,c,0.3,0.6091,7159.58,0
2025-07-07,14.25,06:35,p,0.05,2.7739,6254.31,0
2025-07-07,14.25,06:35,p,0.1,1.8695,6254.31,0
2025-07-07,14.25,06:35,p,0.15,1.419,6254.31,0
2025-07-07,14.25,06:35,p,0.2,1.0982,6254.31,0
2025-07-07,14.25,06:35,p,0.25,0.8516,6254.31,0
2025-07-07,14.25,06:35,p,0.3,0.6477,6254.31,0
2025-07-07,14.25,06:35,c,0.05,1.8722,6254.31,0
2025-07-07,14.25,06:35,c,0.1,1.4996,6254.31,0
2025-07-07,14.25,06:35,c,0.15,1.2125,6254.31,0
2025-07-07,14.25,06:35,c,0.2,0.9997,6254.31,0
2025-07-07,14.25,06:35,c,0.25,0.8128,6254.31,0
2025-07-07,14.25,06:35,c,0.3,0.6369,6254.31,0
2025-07-07,14.25,08:00,p,0.05,2.6809,6243.69,0
2025-07-07,14.25,08:00,p,0.1,1.7784,6243.69,0
2025-07-07,14.25,08:00,p,0.15,1.3187,6243.69,0
2025-07-07,14.25,08:00,p,0.2,1.021,6243.69,0
2025-07-07,14.25,08:00,p,0.25,0.7808,6243.69,0
2025-07-07,14.25,08:00,p,0.3,0.5794,6243.69,0
2025-07-07,14.25,08:00,c,0.05,1.8405,6243.69,0
2025-07-07,14.25,08:00,c,0.1,1.3307,6243.69,0
2025-07-07,14.25,08:00,c,0.15,1.0674,6243.69,0
2025-07-07,14.25,08:00,c,0.2,0.8746,6243.69,0
2025-07-07,14.25,08:00,c,0.25,0.7098,6243.69,0
2025-07-07,14.25,08:00,c,0.3,0.5608,6243.69,0
2025-07-07,14.25,10:00,p,0.05,3.5115,6220.22,0
2025-07-07,14.25,10:00,p,0.1,2.4933,6220.22,0
2025-07-07,14.25,10:00,p,0.15,1.857,6220.22,0
2025-07-07,14.25,10:00,p,0.2,1.4328,6220.22,0
2025-07-07,14.25,10:00,p,0.25,1.1149,6220.22,0
2025-07-07,14.25,10:00,p,0.3,0.8445,6220.22,0
2025-07-07,14.25,10:00,c,0.05,2.3139,6220.22,0
2025-07-07,14.25,10:00,c,0.1,1.682,6220.22,0
2025-07-07,14.25,10:00,c,0.15,1.3352,6220.22,0
2025-07-07,14.25,10:00,c,0.2,1.0837,6220.22,0
2025-07-07,14.25,10:00,c,0.25,0.8692,6220.22,0
2025-07-07,14.25,10:00,c,0.3,0.6796,6220.22,0
2025-07-07,14.25,12:00,p,0.05,3.3501,6223.44,0
2025-07-07,14.25,12:00,p,0.1,2.2278,6223.44,0
2025-07-07,14.25,12:00,p,0.15,1.6855,6223.44,0
2025-07-07,14.25,12:00,p,0.2,1.2967,6223.44,0
2025-07-07,14.25,12:00,p,0.25,0.9956,6223.44,0
2025-07-07,14.25,12:00,p,0.3,0.7481,6223.44,0
2025-07-07,14.25,12:00,c,0.05,2.4756,6223.44,0
2025-07-07,14.25,12:00,c,0.1,1.8089,6223.44,0
2025-07-07,14.25,12:00,c,0.15,1.4701,6223.44,0
2025-07-07,14.25,12:00,c,0.2,1.1792,6223.44,0
2025-07-07,14.25,12:00,c,0.25,0.9631,6223.44,0
2025-07-07,14.25,12:00,c,0.3,0.747,6223.44,0
2025-11-25,14.53,06:35,p,0.05,4.0127,6709.61,0
2025-11-25,14.53,06:35,p,0.1,2.7854,6709.61,0
2025-11-25,14.53,06:35,p,0.15,2.0951,6709.61,0
2025-11-25,14.53,06:35,p,0.2,1.5982,6709.61,0
2025-11-25,14.53,06:35,p,0.25,1.2286,6709.61,0
2025-11-25,14.53,06:35,p,0.3,0.9139,6709.61,0
2025-11-25,14.53,06:35,c,0.05,2.416,6709.61,0
2025-11-25,14.53,06:35,c,0.1,1.9115,6709.61,0
2025-11-25,14.53,06:35,c,0.15,1.5869,6709.61,0
2025-11-25,14.53,06:35,c,0.2,1.317,6709.61,0
2025-11-25,14.53,06:35,c,0.25,1.0829,6709.61,0
2025-11-25,14.53,06:35,c,0.3,0.8681,6709.61,0
2025-11-25,14.53,08:00,p,0.05,4.2868,6712.0,0
2025-11-25,14.53,08:00,p,0.1,2.9261,6712.0,0
2025-11-25,14.53,08:00,p,0.15,2.2094,6712.0,0
2025-11-25,14.53,08:00,p,0.2,1.7232,6712.0,0
2025-11-25,14.53,08:00,p,0.25,1.3211,6712.0,0
2025-11-25,14.53,08:00,p,0.3,0.9955,6712.0,0
2025-11-25,14.53,08:00,c,0.05,2.176,6712.0,0
2025-11-25,14.53,08:00,c,0.1,1.7038,6712.0,0
2025-11-25,14.53,08:00,c,0.15,1.4119,6712.0,0
2025-11-25,14.53,08:00,c,0.2,1.1607,6712.0,0
2025-11-25,14.53,08:00,c,0.25,0.9326,6712.0,0
2025-11-25,14.53,08:00,c,0.3,0.7462,6712.0,0
2025-11-25,14.53,10:00,p,0.05,3.7058,6747.42,0
2025-11-25,14.53,10:00,p,0.1,2.3057,6747.42,0
2025-11-25,14.53,10:00,p,0.15,1.6924,6747.42,0
2025-11-25,14.53,10:00,p,0.2,1.2441,6747.42,0
2025-11-25,14.53,10:00,p,0.25,0.9352,6747.42,0
2025-11-25,14.53,10:00,p,0.3,0.7036,6747.42,0
2025-11-25,14.53,10:00,c,0.05,1.8646,6747.42,0
2025-11-25,14.53,10:00,c,0.1,1.3696,6747.42,0
2025-11-25,14.53,10:00,c,0.15,1.0829,6747.42,0
2025-11-25,14.53,10:00,c,0.2,0.8725,6747.42,0
2025-11-25,14.53,10:00,c,0.25,0.6949,6747.42,0
2025-11-25,14.53,10:00,c,0.3,0.5467,6747.42,0
2025-11-25,14.53,12:00,p,0.05,2.616,6754.29,0
2025-11-25,14.53,12:00,p,0.1,1.727,6754.29,0
2025-11-25,14.53,12:00,p,0.15,1.3225,6754.29,0
2025-11-25,14.53,12:00,p,0.2,1.0327,6754.29,0
2025-11-25,14.53,12:00,p,0.25,0.7975,6754.29,0
2025-11-25,14.53,12:00,p,0.3,0.6185,6754.29,0
2025-11-25,14.53,12:00,c,0.05,1.9213,6754.29,0
2025-11-25,14.53,12:00,c,0.1,1.3252,6754.29,0
2025-11-25,14.53,12:00,c,0.15,0.9992,6754.29,0
2025-11-25,14.53,12:00,c,0.2,0.8241,6754.29,0
2025-11-25,14.53,12:00,c,0.25,0.6489,6754.29,0
2025-11-25,14.53,12:00,c,0.3,0.4943,6754.29,0
2025-10-27,14.7,06:35,p,0.05,3.026,6849.35,0
2025-10-27,14.7,06:35,p,0.1,1.9662,6849.35,0
2025-10-27,14.7,06:35,p,0.15,1.465,6849.35,0
2025-10-27,14.7,06:35,p,0.2,1.1144,6849.35,0
2025-10-27,14.7,06:35,p,0.25,0.8362,6849.35,0
2025-10-27,14.7,06:35,p,0.3,0.6209,6849.35,0
2025-10-27,14.7,06:35,c,0.05,1.4264,6849.35,0
2025-10-27,14.7,06:35,c,0.1,1.081,6849.35,0
2025-10-27,14.7,06:35,c,0.15,0.8855,6849.35,0
2025-10-27,14.7,06:35,c,0.2,0.7308,6849.35,0
2025-10-27,14.7,06:35,c,0.25,0.5934,6849.35,0
2025-10-27,14.7,06:35,c,0.3,0.4709,6849.35,0
2025-10-27,14.7,08:00,p,0.05,2.9253,6849.57,0
2025-10-27,14.7,08:00,p,0.1,1.7818,6849.57,0
2025-10-27,14.7,08:00,p,0.15,1.2575,6849.57,0
2025-10-27,14.7,08:00,p,0.2,0.9341,6849.57,0
2025-10-27,14.7,08:00,p,0.25,0.6881,6849.57,0
2025-10-27,14.7,08:00,p,0.3,0.5084,6849.57,0
2025-10-27,14.7,08:00,c,0.05,1.1792,6849.57,0
2025-10-27,14.7,08:00,c,0.1,0.8987,6849.57,0
2025-10-27,14.7,08:00,c,0.15,0.7336,6849.57,0
2025-10-27,14.7,08:00,c,0.2,0.5983,6849.57,0
2025-10-27,14.7,08:00,c,0.25,0.4882,6849.57,0
2025-10-27,14.7,08:00,c,0.3,0.3849,6849.57,0
2025-10-27,14.7,10:00,p,0.05,3.3005,6860.15,0
2025-10-27,14.7,10:00,p,0.1,1.6682,6860.15,0
2025-10-27,14.7,10:00,p,0.15,1.0691,6860.15,0
2025-10-27,14.7,10:00,p,0.2,0.7726,6860.15,0
2025-10-27,14.7,10:00,p,0.25,0.5715,6860.15,0
2025-10-27,14.7,10:00,p,0.3,0.4299,6860.15,0
2025-10-27,14.7,10:00,c,0.05,1.4692,6860.15,0
2025-10-27,14.7,10:00,c,0.1,0.9337,6860.15,0
2025-10-27,14.7,10:00,c,0.15,0.7149,6860.15,0
2025-10-27,14.7,10:00,c,0.2,0.5513,6860.15,0
2025-10-27,14.7,10:00,c,0.25,0.4436,6860.15,0
2025-10-27,14.7,10:00,c,0.3,0.3454,6860.15,0
2025-10-27,14.7,12:00,p,0.05,2.1682,6863.97,0
2025-10-27,14.7,12:00,p,0.1,1.2473,6863.97,0
2025-10-27,14.7,12:00,p,0.15,0.9117,6863.97,0
2025-10-27,14.7,12:00,p,0.2,0.7133,6863.97,0
2025-10-27,14.7,12:00,p,0.25,0.5575,6863.97,0
2025-10-27,14.7,12:00,p,0.3,0.4017,6863.97,0
2025-10-27,14.7,12:00,c,0.05,1.7755,6863.97,0
2025-10-27,14.7,12:00,c,0.1,1.0717,6863.97,0
2025-10-27,14.7,12:00,c,0.15,0.847,6863.97,0
2025-10-27,14.7,12:00,c,0.2,0.6527,6863.97,0
2025-10-27,14.7,12:00,c,0.25,0.5054,6863.97,0
2025-10-27,14.7,12:00,c,0.3,0.4014,6863.97,0
2026-04-20,14.87,06:35,p,0.05,3.2679,7115.54,0
2026-04-20,14.87,06:35,p,0.1,2.2237,7115.54,0
2026-04-20,14.87,06:35,p,0.15,1.674,7115.54,0
2026-04-20,14.87,06:35,p,0.2,1.2954,7115.54,0
2026-04-20,14.87,06:35,p,0.25,1.0057,7115.54,0
2026-04-20,14.87,06:35,p,0.3,0.7576,7115.54,0
2026-04-20,14.87,06:35,c,0.05,2.3005,7115.54,0
2026-04-20,14.87,06:35,c,0.1,1.7407,7115.54,0
2026-04-20,14.87,06:35,c,0.15,1.3618,7115.54,0
2026-04-20,14.87,06:35,c,0.2,1.1187,7115.54,0
2026-04-20,14.87,06:35,c,0.25,0.8918,7115.54,0
2026-04-20,14.87,06:35,c,0.3,0.6926,7115.54,0
2026-04-20,14.87,08:00,p,0.05,3.4876,7095.0,0
2026-04-20,14.87,08:00,p,0.1,2.4073,7095.0,0
2026-04-20,14.87,08:00,p,0.15,1.7171,7095.0,0
2026-04-20,14.87,08:00,p,0.2,1.3049,7095.0,0
2026-04-20,14.87,08:00,p,0.25,0.9953,7095.0,0
2026-04-20,14.87,08:00,p,0.3,0.7555,7095.0,0
2026-04-20,14.87,08:00,c,0.05,2.0179,7095.0,0
2026-04-20,14.87,08:00,c,0.1,1.5553,7095.0,0
2026-04-20,14.87,08:00,c,0.15,1.2702,7095.0,0
2026-04-20,14.87,08:00,c,0.2,1.0342,7095.0,0
2026-04-20,14.87,08:00,c,0.25,0.8465,7095.0,0
2026-04-20,14.87,08:00,c,0.3,0.6747,7095.0,0
2026-04-20,14.87,10:00,p,0.05,2.5735,7100.1,0
2026-04-20,14.87,10:00,p,0.1,1.6727,7100.1,0
2026-04-20,14.87,10:00,p,0.15,1.2343,7100.1,0
2026-04-20,14.87,10:00,p,0.2,1.01,7100.1,0
2026-04-20,14.87,10:00,p,0.25,0.7241,7100.1,0
2026-04-20,14.87,10:00,p,0.3,0.5369,7100.1,0
2026-04-20,14.87,10:00,c,0.05,1.9478,7100.1,0
2026-04-20,14.87,10:00,c,0.1,1.4365,7100.1,0
2026-04-20,14.87,10:00,c,0.15,1.143,7100.1,0
2026-04-20,14.87,10:00,c,0.2,0.9071,7100.1,0
2026-04-20,14.87,10:00,c,0.25,0.7112,7100.1,0
2026-04-20,14.87,10:00,c,0.3,0.5779,7100.1,0
2026-04-20,14.87,12:00,p,0.05,2.1163,7106.62,0
2026-04-20,14.87,12:00,p,0.1,1.4243,7106.62,0
2026-04-20,14.87,12:00,p,0.15,1.0778,7106.62,0
2026-04-20,14.87,12:00,p,0.2,0.8458,7106.62,0
2026-04-20,14.87,12:00,p,0.25,0.6325,7106.62,0
2026-04-20,14.87,12:00,p,0.3,0.4916,7106.62,0
2026-04-20,14.87,12:00,c,0.05,1.6129,7106.62,0
2026-04-20,14.87,12:00,c,0.1,1.2882,7106.62,0
2026-04-20,14.87,12:00,c,0.15,1.0331,7106.62,0
2026-04-20,14.87,12:00,c,0.2,0.8105,7106.62,0
2026-04-20,14.87,12:00,c,0.25,0.644,7106.62,0
2026-04-20,14.87,12:00,c,0.3,0.5023,7106.62,0
2025-02-25,15.6,06:35,p,0.05,3.7421,5988.12,0
2025-02-25,15.6,06:35,p,0.1,2.7432,5988.12,0
2025-02-25,15.6,06:35,p,0.15,2.1104,5988.12,0
2025-02-25,15.6,06:35,p,0.2,1.6399,5988.12,0
2025-02-25,15.6,06:35,p,0.25,1.2616,5988.12,0
2025-02-25,15.6,06:35,p,0.3,0.9376,5988.12,0
2025-02-25,15.6,06:35,c,0.05,2.5852,5988.12,0
2025-02-25,15.6,06:35,c,0.1,2.0708,5988.12,0
2025-02-25,15.6,06:35,c,0.15,1.7243,5988.12,0
2025-02-25,15.6,06:35,c,0.2,1.4376,5988.12,0
2025-02-25,15.6,06:35,c,0.25,1.1863,5988.12,0
2025-02-25,15.6,06:35,c,0.3,0.9541,5988.12,0
2025-02-25,15.6,08:00,p,0.05,2.95,5936.47,0
2025-02-25,15.6,08:00,p,0.1,2.088,5936.47,0
2025-02-25,15.6,08:00,p,0.15,1.5449,5936.47,0
2025-02-25,15.6,08:00,p,0.2,1.1476,5936.47,0
2025-02-25,15.6,08:00,p,0.25,0.8189,5936.47,0
2025-02-25,15.6,08:00,p,0.3,0.5279,5936.47,0
2025-02-25,15.6,08:00,c,0.05,3.2413,5936.47,0
2025-02-25,15.6,08:00,c,0.1,2.5499,5936.47,0
2025-02-25,15.6,08:00,c,0.15,2.1201,5936.47,0
2025-02-25,15.6,08:00,c,0.2,1.798,5936.47,0
2025-02-25,15.6,08:00,c,0.25,1.518,5936.47,0
2025-02-25,15.6,08:00,c,0.3,1.2749,5936.47,0
2025-02-25,15.6,10:00,p,0.05,3.5287,5960.86,0
2025-02-25,15.6,10:00,p,0.1,2.4789,5960.86,0
2025-02-25,15.6,10:00,p,0.15,1.8979,5960.86,0
2025-02-25,15.6,10:00,p,0.2,1.4704,5960.86,0
2025-02-25,15.6,10:00,p,0.25,1.1564,5960.86,0
2025-02-25,15.6,10:00,p,0.3,0.882,5960.86,0
2025-02-25,15.6,10:00,c,0.05,2.4798,5960.86,0
2025-02-25,15.6,10:00,c,0.1,1.8803,5960.86,0
2025-02-25,15.6,10:00,c,0.15,1.5216,5960.86,0
2025-02-25,15.6,10:00,c,0.2,1.232,5960.86,0
2025-02-25,15.6,10:00,c,0.25,0.99,5960.86,0
2025-02-25,15.6,10:00,c,0.3,0.7734,5960.86,0
2025-02-25,15.6,12:00,p,0.05,4.2352,5965.58,0
2025-02-25,15.6,12:00,p,0.1,2.9082,5965.58,0
2025-02-25,15.6,12:00,p,0.15,2.2005,5965.58,0
2025-02-25,15.6,12:00,p,0.2,1.7142,5965.58,0
2025-02-25,15.6,12:00,p,0.25,1.3335,5965.58,0
2025-02-25,15.6,12:00,p,0.3,1.0019,5965.58,0
2025-02-25,15.6,12:00,c,0.05,3.0036,5965.58,0
2025-02-25,15.6,12:00,c,0.1,2.3219,5965.58,0
2025-02-25,15.6,12:00,c,0.15,1.8694,5965.58,0
2025-02-25,15.6,12:00,c,0.2,1.5245,5965.58,0
2025-02-25,15.6,12:00,c,0.25,1.2372,5965.58,0
2025-02-25,15.6,12:00,c,0.3,0.9658,5965.58,0
2025-02-10,16.02,06:35,p,0.05,2.7217,6053.75,0
2025-02-10,16.02,06:35,p,0.1,1.9783,6053.75,0
2025-02-10,16.02,06:35,p,0.15,1.531,6053.75,0
2025-02-10,16.02,06:35,p,0.2,1.2036,6053.75,0
2025-02-10,16.02,06:35,p,0.25,0.938,6053.75,0
2025-02-10,16.02,06:35,p,0.3,0.7112,6053.75,0
2025-02-10,16.02,06:35,c,0.05,1.7387,6053.75,0
2025-02-10,16.02,06:35,c,0.1,1.3781,6053.75,0
2025-02-10,16.02,06:35,c,0.15,1.1426,6053.75,0
2025-02-10,16.02,06:35,c,0.2,0.9495,6053.75,0
2025-02-10,16.02,06:35,c,0.25,0.779,6053.75,0
2025-02-10,16.02,06:35,c,0.3,0.6202,6053.75,0
2025-02-10,16.02,08:00,p,0.05,2.5489,6067.12,0
2025-02-10,16.02,08:00,p,0.1,1.7227,6067.12,0
2025-02-10,16.02,08:00,p,0.15,1.2527,6067.12,0
2025-02-10,16.02,08:00,p,0.2,0.933,6067.12,0
2025-02-10,16.02,08:00,p,0.25,0.6944,6067.12,0
2025-02-10,16.02,08:00,p,0.3,0.4977,6067.12,0
2025-02-10,16.02,08:00,c,0.05,1.54,6067.12,0
2025-02-10,16.02,08:00,c,0.1,1.1926,6067.12,0
2025-02-10,16.02,08:00,c,0.15,0.9791,6067.12,0
2025-02-10,16.02,08:00,c,0.2,0.8234,6067.12,0
2025-02-10,16.02,08:00,c,0.25,0.6881,6067.12,0
2025-02-10,16.02,08:00,c,0.3,0.5634,6067.12,0
2025-02-10,16.02,10:00,p,0.05,2.4308,6064.51,0
2025-02-10,16.02,10:00,p,0.1,1.6047,6064.51,0
2025-02-10,16.02,10:00,p,0.15,1.2231,6064.51,0
2025-02-10,16.02,10:00,p,0.2,0.9504,6064.51,0
2025-02-10,16.02,10:00,p,0.25,0.7329,6064.51,0
2025-02-10,16.02,10:00,p,0.3,0.5494,6064.51,0
2025-02-10,16.02,10:00,c,0.05,1.3952,6064.51,0
2025-02-10,16.02,10:00,c,0.1,1.0624,6064.51,0
2025-02-10,16.02,10:00,c,0.15,0.8416,6064.51,0
2025-02-10,16.02,10:00,c,0.2,0.6893,6064.51,0
2025-02-10,16.02,10:00,c,0.25,0.5478,6064.51,0
2025-02-10,16.02,10:00,c,0.3,0.4308,6064.51,0
2025-02-10,16.02,12:00,p,0.05,2.318,6067.84,0
2025-02-10,16.02,12:00,p,0.1,1.4776,6067.84,0
2025-02-10,16.02,12:00,p,0.15,1.0832,6067.84,0
2025-02-10,16.02,12:00,p,0.2,0.8068,6067.84,0
2025-02-10,16.02,12:00,p,0.25,0.6301,6067.84,0
2025-02-10,16.02,12:00,p,0.3,0.4764,6067.84,0
2025-02-10,16.02,12:00,c,0.05,1.6839,6067.84,0
2025-02-10,16.02,12:00,c,0.1,1.1782,6067.84,0
2025-02-10,16.02,12:00,c,0.15,0.9503,6067.84,0
2025-02-10,16.02,12:00,c,0.2,0.7263,6067.84,0
2025-02-10,16.02,12:00,c,0.25,0.5902,6067.84,0
2025-02-10,16.02,12:00,c,0.3,0.4714,6067.84,0
2025-03-27,16.14,06:35,p,0.05,3.6532,5684.35,0
2025-03-27,16.14,06:35,p,0.1,2.7666,5684.35,0
2025-03-27,16.14,06:35,p,0.15,2.1953,5684.35,0
2025-03-27,16.14,06:35,p,0.2,1.7496,5684.35,0
2025-03-27,16.14,06:35,p,0.25,1.3731,5684.35,0
2025-03-27,16.14,06:35,p,0.3,1.0434,5684.35,0
2025-03-27,16.14,06:35,c,0.05,2.9484,5684.35,0
2025-03-27,16.14,06:35,c,0.1,2.3352,5684.35,0
2025-03-27,16.14,06:35,c,0.15,1.9326,5684.35,0
2025-03-27,16.14,06:35,c,0.2,1.6092,5684.35,0
2025-03-27,16.14,06:35,c,0.25,1.3281,5684.35,0
2025-03-27,16.14,06:35,c,0.3,1.0668,5684.35,0
2025-03-27,16.14,08:00,p,0.05,3.2327,5731.54,0
2025-03-27,16.14,08:00,p,0.1,2.3874,5731.54,0
2025-03-27,16.14,08:00,p,0.15,1.8479,5731.54,0
2025-03-27,16.14,08:00,p,0.2,1.4642,5731.54,0
2025-03-27,16.14,08:00,p,0.25,1.1633,5731.54,0
2025-03-27,16.14,08:00,p,0.3,0.9043,5731.54,0
2025-03-27,16.14,08:00,c,0.05,2.2059,5731.54,0
2025-03-27,16.14,08:00,c,0.1,1.6663,5731.54,0
2025-03-27,16.14,08:00,c,0.15,1.3155,5731.54,0
2025-03-27,16.14,08:00,c,0.2,1.0497,5731.54,0
2025-03-27,16.14,08:00,c,0.25,0.8232,5731.54,0
2025-03-27,16.14,08:00,c,0.3,0.6246,5731.54,0
2025-03-27,16.14,10:00,p,0.05,3.3539,5689.22,0
2025-03-27,16.14,10:00,p,0.1,2.4804,5689.22,0
2025-03-27,16.14,10:00,p,0.15,1.9371,5689.22,0
2025-03-27,16.14,10:00,p,0.2,1.524,5689.22,0
2025-03-27,16.14,10:00,p,0.25,1.1872,5689.22,0
2025-03-27,16.14,10:00,p,0.3,0.8993,5689.22,0
2025-03-27,16.14,10:00,c,0.05,2.7704,5689.22,0
2025-03-27,16.14,10:00,c,0.1,2.1179,5689.22,0
2025-03-27,16.14,10:00,c,0.15,1.7352,5689.22,0
2025-03-27,16.14,10:00,c,0.2,1.4311,5689.22,0
2025-03-27,16.14,10:00,c,0.25,1.1639,5689.22,0
2025-03-27,16.14,10:00,c,0.3,0.9262,5689.22,0
2025-03-27,16.14,12:00,p,0.05,3.7423,5698.17,0
2025-03-27,16.14,12:00,p,0.1,2.7704,5698.17,0
2025-03-27,16.14,12:00,p,0.15,2.17,5698.17,0
2025-03-27,16.14,12:00,p,0.2,1.7248,5698.17,0
2025-03-27,16.14,12:00,p,0.25,1.35,5698.17,0
2025-03-27,16.14,12:00,p,0.3,0.6908,5698.17,0
2025-03-27,16.14,12:00,c,0.05,3.0958,5698.17,0
2025-03-27,16.14,12:00,c,0.1,2.348,5698.17,0
2025-03-27,16.14,12:00,c,0.15,1.8822,5698.17,0
2025-03-27,16.14,12:00,c,0.2,1.525,5698.17,0
2025-03-27,16.14,12:00,c,0.25,1.2129,5698.17,0
2025-03-27,16.14,12:00,c,0.3,0.9554,5698.17,0
2025-11-10,16.49,06:35,p,0.05,2.8638,6799.25,0
2025-11-10,16.49,06:35,p,0.1,2.0512,6799.25,0
2025-11-10,16.49,06:35,p,0.15,1.5368,6799.25,0
2025-11-10,16.49,06:35,p,0.2,1.1654,6799.25,0
2025-11-10,16.49,06:35,p,0.25,0.9224,6799.25,0
2025-11-10,16.49,06:35,p,0.3,0.6808,6799.25,0
2025-11-10,16.49,06:35,c,0.05,1.8806,6799.25,0
2025-11-10,16.49,06:35,c,0.1,1.4295,6799.25,0
2025-11-10,16.49,06:35,c,0.15,1.161,6799.25,0
2025-11-10,16.49,06:35,c,0.2,0.9571,6799.25,0
2025-11-10,16.49,06:35,c,0.25,0.7886,6799.25,0
2025-11-10,16.49,06:35,c,0.3,0.6204,6799.25,0
2025-11-10,16.49,08:00,p,0.05,3.0142,6782.76,0
2025-11-10,16.49,08:00,p,0.1,2.098,6782.76,0
2025-11-10,16.49,08:00,p,0.15,1.5698,6782.76,0
2025-11-10,16.49,08:00,p,0.2,1.2306,6782.76,0
2025-11-10,16.49,08:00,p,0.25,0.9442,6782.76,0
2025-11-10,16.49,08:00,p,0.3,0.707,6782.76,0
2025-11-10,16.49,08:00,c,0.05,1.8082,6782.76,0
2025-11-10,16.49,08:00,c,0.1,1.3825,6782.76,0
2025-11-10,16.49,08:00,c,0.15,1.1373,6782.76,0
2025-11-10,16.49,08:00,c,0.2,0.9336,6782.76,0
2025-11-10,16.49,08:00,c,0.25,0.764,6782.76,0
2025-11-10,16.49,08:00,c,0.3,0.6082,6782.76,0
2025-11-10,16.49,10:00,p,0.05,2.3752,6814.07,0
2025-11-10,16.49,10:00,p,0.1,1.5636,6814.07,0
2025-11-10,16.49,10:00,p,0.15,1.1661,6814.07,0
2025-11-10,16.49,10:00,p,0.2,0.903,6814.07,0
2025-11-10,16.49,10:00,p,0.25,0.6947,6814.07,0
2025-11-10,16.49,10:00,p,0.3,0.5344,6814.07,0
2025-11-10,16.49,10:00,c,0.05,1.4774,6814.07,0
2025-11-10,16.49,10:00,c,0.1,1.1068,6814.07,0
2025-11-10,16.49,10:00,c,0.15,0.8844,6814.07,0
2025-11-10,16.49,10:00,c,0.2,0.7143,6814.07,0
2025-11-10,16.49,10:00,c,0.25,0.5703,6814.07,0
2025-11-10,16.49,10:00,c,0.3,0.4459,6814.07,0
2025-11-10,16.49,12:00,p,0.05,2.5698,6832.23,0
2025-11-10,16.49,12:00,p,0.1,1.6772,6832.23,0
2025-11-10,16.49,12:00,p,0.15,1.2392,6832.23,0
2025-11-10,16.49,12:00,p,0.2,0.9308,6832.23,0
2025-11-10,16.49,12:00,p,0.25,0.7195,6832.23,0
2025-11-10,16.49,12:00,p,0.3,0.5376,6832.23,0
2025-11-10,16.49,12:00,c,0.05,1.7002,6832.23,0
2025-11-10,16.49,12:00,c,0.1,1.2592,6832.23,0
2025-11-10,16.49,12:00,c,0.15,0.996,6832.23,0
2025-11-10,16.49,12:00,c,0.2,0.7991,6832.23,0
2025-11-10,16.49,12:00,c,0.25,0.617,6832.23,0
2025-11-10,16.49,12:00,c,0.3,0.4878,6832.23,0
2026-04-27,16.81,06:35,p,0.05,2.5383,7160.44,0
2026-04-27,16.81,06:35,p,0.1,1.7773,7160.44,0
2026-04-27,16.81,06:35,p,0.15,1.3368,7160.44,0
2026-04-27,16.81,06:35,p,0.2,1.034,7160.44,0
2026-04-27,16.81,06:35,p,0.25,0.794,7160.44,0
2026-04-27,16.81,06:35,p,0.3,0.6026,7160.44,0
2026-04-27,16.81,06:35,c,0.05,1.6996,7160.44,0
2026-04-27,16.81,06:35,c,0.1,1.2212,7160.44,0
2026-04-27,16.81,06:35,c,0.15,0.9796,7160.44,0
2026-04-27,16.81,06:35,c,0.2,0.7952,7160.44,0
2026-04-27,16.81,06:35,c,0.25,0.6386,7160.44,0
2026-04-27,16.81,06:35,c,0.3,0.4968,7160.44,0
2026-04-27,16.81,08:00,p,0.05,2.4429,7160.14,0
2026-04-27,16.81,08:00,p,0.1,1.5934,7160.14,0
2026-04-27,16.81,08:00,p,0.15,1.1706,7160.14,0
2026-04-27,16.81,08:00,p,0.2,0.8694,7160.14,0
2026-04-27,16.81,08:00,p,0.25,0.6693,7160.14,0
2026-04-27,16.81,08:00,p,0.3,0.5009,7160.14,0
2026-04-27,16.81,08:00,c,0.05,1.5267,7160.14,0
2026-04-27,16.81,08:00,c,0.1,1.127,7160.14,0
2026-04-27,16.81,08:00,c,0.15,0.8933,7160.14,0
2026-04-27,16.81,08:00,c,0.2,0.7055,7160.14,0
2026-04-27,16.81,08:00,c,0.25,0.5508,7160.14,0
2026-04-27,16.81,08:00,c,0.3,0.4342,7160.14,0
2026-04-27,16.81,10:00,p,0.05,2.6179,7165.39,0
2026-04-27,16.81,10:00,p,0.1,1.6297,7165.39,0
2026-04-27,16.81,10:00,p,0.15,1.1522,7165.39,0
2026-04-27,16.81,10:00,p,0.2,0.8515,7165.39,0
2026-04-27,16.81,10:00,p,0.25,0.6354,7165.39,0
2026-04-27,16.81,10:00,p,0.3,0.4682,7165.39,0
2026-04-27,16.81,10:00,c,0.05,1.6888,7165.39,0
2026-04-27,16.81,10:00,c,0.1,1.2191,7165.39,0
2026-04-27,16.81,10:00,c,0.15,0.9324,7165.39,0
2026-04-27,16.81,10:00,c,0.2,0.7404,7165.39,0
2026-04-27,16.81,10:00,c,0.25,0.5855,7165.39,0
2026-04-27,16.81,10:00,c,0.3,0.4502,7165.39,0
2026-04-27,16.81,12:00,p,0.05,1.9998,7172.1,0
2026-04-27,16.81,12:00,p,0.1,1.3196,7172.1,0
2026-04-27,16.81,12:00,p,0.15,1.0,7172.1,0
2026-04-27,16.81,12:00,p,0.2,0.7827,7172.1,0
2026-04-27,16.81,12:00,p,0.25,0.5894,7172.1,0
2026-04-27,16.81,12:00,p,0.3,0.4528,7172.1,0
2026-04-27,16.81,12:00,c,0.05,1.5453,7172.1,0
2026-04-27,16.81,12:00,c,0.1,1.0693,7172.1,0
2026-04-27,16.81,12:00,c,0.15,0.8442,7172.1,0
2026-04-27,16.81,12:00,c,0.2,0.6527,7172.1,0
2026-04-27,16.81,12:00,c,0.25,0.5235,7172.1,0
2026-04-27,16.81,12:00,c,0.3,0.4104,7172.1,0
2025-02-03,17.23,06:35,p,0.05,3.79,5953.44,0
2025-02-03,17.23,06:35,p,0.1,2.7311,5953.44,0
2025-02-03,17.23,06:35,p,0.15,2.1072,5953.44,0
2025-02-03,17.23,06:35,p,0.2,1.7007,5953.44,0
2025-02-03,17.23,06:35,p,0.25,1.3405,5953.44,0
2025-02-03,17.23,06:35,p,0.3,1.0342,5953.44,0
2025-02-03,17.23,06:35,c,0.05,3.2622,5953.44,0
2025-02-03,17.23,06:35,c,0.1,2.4397,5953.44,0
2025-02-03,17.23,06:35,c,0.15,1.9408,5953.44,0
2025-02-03,17.23,06:35,c,0.2,1.5504,5953.44,0
2025-02-03,17.23,06:35,c,0.25,1.2271,5953.44,0
2025-02-03,17.23,06:35,c,0.3,0.9403,5953.44,0
2025-02-03,17.23,08:00,p,0.05,3.6346,5998.87,0
2025-02-03,17.23,08:00,p,0.1,2.6199,5998.87,0
2025-02-03,17.23,08:00,p,0.15,2.0486,5998.87,0
2025-02-03,17.23,08:00,p,0.2,1.6197,5998.87,0
2025-02-03,17.23,08:00,p,0.25,1.2679,5998.87,0
2025-02-03,17.23,08:00,p,0.3,0.9654,5998.87,0
2025-02-03,17.23,08:00,c,0.05,3.0167,5998.87,0
2025-02-03,17.23,08:00,c,0.1,2.2794,5998.87,0
2025-02-03,17.23,08:00,c,0.15,1.8246,5998.87,0
2025-02-03,17.23,08:00,c,0.2,1.4677,5998.87,0
2025-02-03,17.23,08:00,c,0.25,1.1738,5998.87,0
2025-02-03,17.23,08:00,c,0.3,0.9153,5998.87,0
2025-02-03,17.23,10:00,p,0.05,4.5323,5993.36,0
2025-02-03,17.23,10:00,p,0.1,3.333,5993.36,0
2025-02-03,17.23,10:00,p,0.15,2.6629,5993.36,0
2025-02-03,17.23,10:00,p,0.2,2.1664,5993.36,0
2025-02-03,17.23,10:00,p,0.25,1.7611,5993.36,0
2025-02-03,17.23,10:00,p,0.3,1.422,5993.36,0
2025-02-03,17.23,10:00,c,0.05,3.1484,5993.36,0
2025-02-03,17.23,10:00,c,0.1,2.3125,5993.36,0
2025-02-03,17.23,10:00,c,0.15,1.7992,5993.36,0
2025-02-03,17.23,10:00,c,0.2,1.4014,5993.36,0
2025-02-03,17.23,10:00,c,0.25,1.0642,5993.36,0
2025-02-03,17.23,10:00,c,0.3,0.7635,5993.36,0
2025-02-03,17.23,12:00,p,0.05,4.8796,6016.39,0
2025-02-03,17.23,12:00,p,0.1,3.4192,6016.39,0
2025-02-03,17.23,12:00,p,0.15,2.6108,6016.39,0
2025-02-03,17.23,12:00,p,0.2,2.0376,6016.39,0
2025-02-03,17.23,12:00,p,0.25,1.6032,6016.39,0
2025-02-03,17.23,12:00,p,0.3,1.2423,6016.39,0
2025-02-03,17.23,12:00,c,0.05,3.3237,6016.39,0
2025-02-03,17.23,12:00,c,0.1,2.4442,6016.39,0
2025-02-03,17.23,12:00,c,0.15,1.9315,6016.39,0
2025-02-03,17.23,12:00,c,0.2,1.5407,6016.39,0
2025-02-03,17.23,12:00,c,0.25,1.2072,6016.39,0
2025-02-03,17.23,12:00,c,0.3,0.9241,6016.39,0
2025-12-18,17.5,06:35,p,0.05,3.1441,6786.55,0
2025-12-18,17.5,06:35,p,0.1,2.2314,6786.55,0
2025-12-18,17.5,06:35,p,0.15,1.732,6786.55,0
2025-12-18,17.5,06:35,p,0.2,1.3386,6786.55,0
2025-12-18,17.5,06:35,p,0.25,1.0525,6786.55,0
2025-12-18,17.5,06:35,p,0.3,0.8012,6786.55,0
2025-12-18,17.5,06:35,c,0.05,2.0367,6786.55,0
2025-12-18,17.5,06:35,c,0.1,1.5831,6786.55,0
2025-12-18,17.5,06:35,c,0.15,1.2914,6786.55,0
2025-12-18,17.5,06:35,c,0.2,1.0851,6786.55,0
2025-12-18,17.5,06:35,c,0.25,0.8817,6786.55,0
2025-12-18,17.5,06:35,c,0.3,0.6876,6786.55,0
2025-12-18,17.5,08:00,p,0.05,2.9103,6808.78,0
2025-12-18,17.5,08:00,p,0.1,1.8704,6808.78,0
2025-12-18,17.5,08:00,p,0.15,1.3778,6808.78,0
2025-12-18,17.5,08:00,p,0.2,1.033,6808.78,0
2025-12-18,17.5,08:00,p,0.25,0.7887,6808.78,0
2025-12-18,17.5,08:00,p,0.3,0.5853,6808.78,0
2025-12-18,17.5,08:00,c,0.05,1.5655,6808.78,0
2025-12-18,17.5,08:00,c,0.1,1.2196,6808.78,0
2025-12-18,17.5,08:00,c,0.15,1.0054,6808.78,0
2025-12-18,17.5,08:00,c,0.2,0.8345,6808.78,0
2025-12-18,17.5,08:00,c,0.25,0.6848,6808.78,0
2025-12-18,17.5,08:00,c,0.3,0.5421,6808.78,0
2025-12-18,17.5,10:00,p,0.05,2.6616,6792.16,0
2025-12-18,17.5,10:00,p,0.1,1.7762,6792.16,0
2025-12-18,17.5,10:00,p,0.15,1.3184,6792.16,0
2025-12-18,17.5,10:00,p,0.2,0.9949,6792.16,0
2025-12-18,17.5,10:00,p,0.25,0.7589,6792.16,0
2025-12-18,17.5,10:00,p,0.3,0.5578,6792.16,0
2025-12-18,17.5,10:00,c,0.05,1.7604,6792.16,0
2025-12-18,17.5,10:00,c,0.1,1.4457,6792.16,0
2025-12-18,17.5,10:00,c,0.15,1.1948,6792.16,0
2025-12-18,17.5,10:00,c,0.2,0.997,6792.16,0
2025-12-18,17.5,10:00,c,0.25,0.8229,6792.16,0
2025-12-18,17.5,10:00,c,0.3,0.6582,6792.16,0
2025-12-18,17.5,12:00,p,0.05,3.1645,6766.23,0
2025-12-18,17.5,12:00,p,0.1,2.1898,6766.23,0
2025-12-18,17.5,12:00,p,0.15,1.6599,6766.23,0
2025-12-18,17.5,12:00,p,0.2,1.2873,6766.23,0
2025-12-18,17.5,12:00,p,0.25,0.9486,6766.23,0
2025-12-18,17.5,12:00,p,0.3,0.7077,6766.23,0
2025-12-18,17.5,12:00,c,0.05,2.6455,6766.23,0
2025-12-18,17.5,12:00,c,0.1,2.0525,6766.23,0
2025-12-18,17.5,12:00,c,0.15,1.6697,6766.23,0
2025-12-18,17.5,12:00,c,0.2,1.3686,6766.23,0
2025-12-18,17.5,12:00,c,0.25,1.1166,6766.23,0
2025-12-18,17.5,12:00,c,0.3,0.8881,6766.23,0
2026-04-07,17.97,06:35,p,0.05,3.4513,6582.24,0
2026-04-07,17.97,06:35,p,0.1,2.4325,6582.24,0
2026-04-07,17.97,06:35,p,0.15,1.9426,6582.24,0
2026-04-07,17.97,06:35,p,0.2,1.5537,6582.24,0
2026-04-07,17.97,06:35,p,0.25,1.2337,6582.24,0
2026-04-07,17.97,06:35,p,0.3,0.9311,6582.24,0
2026-04-07,17.97,06:35,c,0.05,2.8063,6582.24,0
2026-04-07,17.97,06:35,c,0.1,2.1739,6582.24,0
2026-04-07,17.97,06:35,c,0.15,1.8262,6582.24,0
2026-04-07,17.97,06:35,c,0.2,1.439,6582.24,0
2026-04-07,17.97,06:35,c,0.25,1.1701,6582.24,0
2026-04-07,17.97,06:35,c,0.3,0.9208,6582.24,0
2026-04-07,17.97,08:00,p,0.05,3.3404,6549.71,0
2026-04-07,17.97,08:00,p,0.1,2.3665,6549.71,0
2026-04-07,17.97,08:00,p,0.15,1.8595,6549.71,0
2026-04-07,17.97,08:00,p,0.2,1.4758,6549.71,0
2026-04-07,17.97,08:00,p,0.25,1.1645,6549.71,0
2026-04-07,17.97,08:00,p,0.3,0.8871,6549.71,0
2026-04-07,17.97,08:00,c,0.05,2.8283,6549.71,0
2026-04-07,17.97,08:00,c,0.1,2.0185,6549.71,0
2026-04-07,17.97,08:00,c,0.15,1.6154,6549.71,0
2026-04-07,17.97,08:00,c,0.2,1.2634,6549.71,0
2026-04-07,17.97,08:00,c,0.25,1.0074,6549.71,0
2026-04-07,17.97,08:00,c,0.3,0.7919,6549.71,0
2026-04-07,17.97,10:00,p,0.05,3.1982,6584.48,0
2026-04-07,17.97,10:00,p,0.1,2.368,6584.48,0
2026-04-07,17.97,10:00,p,0.15,1.8168,6584.48,0
2026-04-07,17.97,10:00,p,0.2,1.4406,6584.48,0
2026-04-07,17.97,10:00,p,0.25,1.1336,6584.48,0
2026-04-07,17.97,10:00,p,0.3,0.8642,6584.48,0
2026-04-07,17.97,10:00,c,0.05,3.1757,6584.48,0
2026-04-07,17.97,10:00,c,0.1,2.1518,6584.48,0
2026-04-07,17.97,10:00,c,0.15,1.6503,6584.48,0
2026-04-07,17.97,10:00,c,0.2,1.2937,6584.48,0
2026-04-07,17.97,10:00,c,0.25,1.0167,6584.48,0
2026-04-07,17.97,10:00,c,0.3,0.7787,6584.48,0
2026-04-07,17.97,12:00,p,0.05,3.7658,6563.4,0
2026-04-07,17.97,12:00,p,0.1,2.5705,6563.4,0
2026-04-07,17.97,12:00,p,0.15,1.9302,6563.4,0
2026-04-07,17.97,12:00,p,0.2,1.4909,6563.4,0
2026-04-07,17.97,12:00,p,0.25,1.1803,6563.4,0
2026-04-07,17.97,12:00,p,0.3,0.9016,6563.4,0
2026-04-07,17.97,12:00,c,0.05,2.7738,6563.4,0
2026-04-07,17.97,12:00,c,0.1,2.0953,6563.4,0
2026-04-07,17.97,12:00,c,0.15,1.6775,6563.4,0
2026-04-07,17.97,12:00,c,0.2,1.3615,6563.4,0
2026-04-07,17.97,12:00,c,0.25,1.0922,6563.4,0
2026-04-07,17.97,12:00,c,0.3,0.8457,6563.4,0
2025-10-20,18.42,06:35,p,0.05,3.2366,6706.63,0
2025-10-20,18.42,06:35,p,0.1,2.2005,6706.63,0
2025-10-20,18.42,06:35,p,0.15,1.6373,6706.63,0
2025-10-20,18.42,06:35,p,0.2,1.25,6706.63,0
2025-10-20,18.42,06:35,p,0.25,0.9734,6706.63,0
2025-10-20,18.42,06:35,p,0.3,0.7025,6706.63,0
2025-10-20,18.42,06:35,c,0.05,1.5941,6706.63,0
2025-10-20,18.42,06:35,c,0.1,1.216,6706.63,0
2025-10-20,18.42,06:35,c,0.15,0.9806,6706.63,0
2025-10-20,18.42,06:35,c,0.2,0.8099,6706.63,0
2025-10-20,18.42,06:35,c,0.25,0.6663,6706.63,0
2025-10-20,18.42,06:35,c,0.3,0.5328,6706.63,0
2025-10-20,18.42,08:00,p,0.05,3.2039,6734.15,0
2025-10-20,18.42,08:00,p,0.1,1.886,6734.15,0
2025-10-20,18.42,08:00,p,0.15,1.2861,6734.15,0
2025-10-20,18.42,08:00,p,0.2,0.9296,6734.15,0
2025-10-20,18.42,08:00,p,0.25,0.6784,6734.15,0
2025-10-20,18.42,08:00,p,0.3,0.4918,6734.15,0
2025-10-20,18.42,08:00,c,0.05,1.3362,6734.15,0
2025-10-20,18.42,08:00,c,0.1,0.9674,6734.15,0
2025-10-20,18.42,08:00,c,0.15,0.7688,6734.15,0
2025-10-20,18.42,08:00,c,0.2,0.6246,6734.15,0
2025-10-20,18.42,08:00,c,0.25,0.5017,6734.15,0
2025-10-20,18.42,08:00,c,0.3,0.3948,6734.15,0
2025-10-20,18.42,10:00,p,0.05,2.8467,6732.51,0
2025-10-20,18.42,10:00,p,0.1,1.5935,6732.51,0
2025-10-20,18.42,10:00,p,0.15,1.1218,6732.51,0
2025-10-20,18.42,10:00,p,0.2,0.8043,6732.51,0
2025-10-20,18.42,10:00,p,0.25,0.6007,6732.51,0
2025-10-20,18.42,10:00,p,0.3,0.4438,6732.51,0
2025-10-20,18.42,10:00,c,0.05,1.3547,6732.51,0
2025-10-20,18.42,10:00,c,0.1,0.9387,6732.51,0
2025-10-20,18.42,10:00,c,0.15,0.7496,6732.51,0
2025-10-20,18.42,10:00,c,0.2,0.6081,6732.51,0
2025-10-20,18.42,10:00,c,0.25,0.4879,6732.51,0
2025-10-20,18.42,10:00,c,0.3,0.3852,6732.51,0
2025-10-20,18.42,12:00,p,0.05,2.0393,6738.95,0
2025-10-20,18.42,12:00,p,0.1,1.3031,6738.95,0
2025-10-20,18.42,12:00,p,0.15,0.9483,6738.95,0
2025-10-20,18.42,12:00,p,0.2,0.7212,6738.95,0
2025-10-20,18.42,12:00,p,0.25,0.5632,6738.95,0
2025-10-20,18.42,12:00,p,0.3,0.4229,6738.95,0
2025-10-20,18.42,12:00,c,0.05,1.2501,6738.95,0
2025-10-20,18.42,12:00,c,0.1,0.9266,6738.95,0
2025-10-20,18.42,12:00,c,0.15,0.7287,6738.95,0
2025-10-20,18.42,12:00,c,0.2,0.5757,6738.95,0
2025-10-20,18.42,12:00,c,0.25,0.4368,6738.95,0
2025-10-20,18.42,12:00,c,0.3,0.3485,6738.95,0
2026-04-30,19.07,06:35,p,0.05,2.6453,7151.66,0
2026-04-30,19.07,06:35,p,0.1,1.9001,7151.66,0
2026-04-30,19.07,06:35,p,0.15,1.5057,7151.66,0
2026-04-30,19.07,06:35,p,0.2,1.1828,7151.66,0
2026-04-30,19.07,06:35,p,0.25,0.9097,7151.66,0
2026-04-30,19.07,06:35,p,0.3,0.687,7151.66,0
2026-04-30,19.07,06:35,c,0.05,1.7737,7151.66,0
2026-04-30,19.07,06:35,c,0.1,1.4176,7151.66,0
2026-04-30,19.07,06:35,c,0.15,1.163,7151.66,0
2026-04-30,19.07,06:35,c,0.2,0.957,7151.66,0
2026-04-30,19.07,06:35,c,0.25,0.7867,7151.66,0
2026-04-30,19.07,06:35,c,0.3,0.6425,7151.66,0
2026-04-30,19.07,08:00,p,0.05,2.2982,7162.09,0
2026-04-30,19.07,08:00,p,0.1,1.6285,7162.09,0
2026-04-30,19.07,08:00,p,0.15,1.2762,7162.09,0
2026-04-30,19.07,08:00,p,0.2,0.9792,7162.09,0
2026-04-30,19.07,08:00,p,0.25,0.76,7162.09,0
2026-04-30,19.07,08:00,p,0.3,0.5739,7162.09,0
2026-04-30,19.07,08:00,c,0.05,1.5865,7162.09,0
2026-04-30,19.07,08:00,c,0.1,1.1778,7162.09,0
2026-04-30,19.07,08:00,c,0.15,0.9705,7162.09,0
2026-04-30,19.07,08:00,c,0.2,0.7788,7162.09,0
2026-04-30,19.07,08:00,c,0.25,0.6371,7162.09,0
2026-04-30,19.07,08:00,c,0.3,0.5083,7162.09,0
2026-04-30,19.07,10:00,p,0.05,2.3206,7166.21,0
2026-04-30,19.07,10:00,p,0.1,1.5417,7166.21,0
2026-04-30,19.07,10:00,p,0.15,1.1519,7166.21,0
2026-04-30,19.07,10:00,p,0.2,0.8847,7166.21,0
2026-04-30,19.07,10:00,p,0.25,0.6847,7166.21,0
2026-04-30,19.07,10:00,p,0.3,0.5177,7166.21,0
2026-04-30,19.07,10:00,c,0.05,1.624,7166.21,0
2026-04-30,19.07,10:00,c,0.1,1.114,7166.21,0
2026-04-30,19.07,10:00,c,0.15,0.8846,7166.21,0
2026-04-30,19.07,10:00,c,0.2,0.7042,7166.21,0
2026-04-30,19.07,10:00,c,0.25,0.5624,7166.21,0
2026-04-30,19.07,10:00,c,0.3,0.4426,7166.21,0
2026-04-30,19.07,12:00,p,0.05,2.0426,7206.91,0
2026-04-30,19.07,12:00,p,0.1,1.3984,7206.91,0
2026-04-30,19.07,12:00,p,0.15,1.0554,7206.91,0
2026-04-30,19.07,12:00,p,0.2,0.8193,7206.91,0
2026-04-30,19.07,12:00,p,0.25,0.6547,7206.91,0
2026-04-30,19.07,12:00,p,0.3,0.4927,7206.91,0
2026-04-30,19.07,12:00,c,0.05,2.03,7206.91,0
2026-04-30,19.07,12:00,c,0.1,1.4478,7206.91,0
2026-04-30,19.07,12:00,c,0.15,1.1275,7206.91,0
2026-04-30,19.07,12:00,c,0.2,0.8882,7206.91,0
2026-04-30,19.07,12:00,c,0.25,0.7078,7206.91,0
2026-04-30,19.07,12:00,c,0.3,0.5336,7206.91,0
2025-06-06,19.3,06:35,p,0.05,2.6441,5998.7,0
2025-06-06,19.3,06:35,p,0.1,1.8014,5998.7,0
2025-06-06,19.3,06:35,p,0.15,1.3859,5998.7,0
2025-06-06,19.3,06:35,p,0.2,1.0844,5998.7,0
2025-06-06,19.3,06:35,p,0.25,0.8372,5998.7,0
2025-06-06,19.3,06:35,p,0.3,0.6299,5998.7,0
2025-06-06,19.3,06:35,c,0.05,1.8177,5998.7,0
2025-06-06,19.3,06:35,c,0.1,1.36,5998.7,0
2025-06-06,19.3,06:35,c,0.15,1.101,5998.7,0
2025-06-06,19.3,06:35,c,0.2,0.9085,5998.7,0
2025-06-06,19.3,06:35,c,0.25,0.7392,5998.7,0
2025-06-06,19.3,06:35,c,0.3,0.5883,5998.7,0
2025-06-06,19.3,08:00,p,0.05,2.49,6002.54,0
2025-06-06,19.3,08:00,p,0.1,1.638,6002.54,0
2025-06-06,19.3,08:00,p,0.15,1.2144,6002.54,0
2025-06-06,19.3,08:00,p,0.2,0.933,6002.54,0
2025-06-06,19.3,08:00,p,0.25,0.7229,6002.54,0
2025-06-06,19.3,08:00,p,0.3,0.5471,6002.54,0
2025-06-06,19.3,08:00,c,0.05,1.5311,6002.54,0
2025-06-06,19.3,08:00,c,0.1,1.1529,6002.54,0
2025-06-06,19.3,08:00,c,0.15,0.9353,6002.54,0
2025-06-06,19.3,08:00,c,0.2,0.7663,6002.54,0
2025-06-06,19.3,08:00,c,0.25,0.6226,6002.54,0
2025-06-06,19.3,08:00,c,0.3,0.4961,6002.54,0
2025-06-06,19.3,10:00,p,0.05,2.963,5985.65,0
2025-06-06,19.3,10:00,p,0.1,2.1476,5985.65,0
2025-06-06,19.3,10:00,p,0.15,1.6375,5985.65,0
2025-06-06,19.3,10:00,p,0.2,1.2731,5985.65,0
2025-06-06,19.3,10:00,p,0.25,0.9902,5985.65,0
2025-06-06,19.3,10:00,p,0.3,0.7649,5985.65,0
2025-06-06,19.3,10:00,c,0.05,1.6966,5985.65,0
2025-06-06,19.3,10:00,c,0.1,1.3209,5985.65,0
2025-06-06,19.3,10:00,c,0.15,1.0767,5985.65,0
2025-06-06,19.3,10:00,c,0.2,0.8775,5985.65,0
2025-06-06,19.3,10:00,c,0.25,0.7055,5985.65,0
2025-06-06,19.3,10:00,c,0.3,0.5459,5985.65,0
2025-06-06,19.3,12:00,p,0.05,2.5968,6006.86,0
2025-06-06,19.3,12:00,p,0.1,1.6716,6006.86,0
2025-06-06,19.3,12:00,p,0.15,1.2331,6006.86,0
2025-06-06,19.3,12:00,p,0.2,0.9187,6006.86,0
2025-06-06,19.3,12:00,p,0.25,0.7037,6006.86,0
2025-06-06,19.3,12:00,p,0.3,0.5059,6006.86,0
2025-06-06,19.3,12:00,c,0.05,2.0361,6006.86,0
2025-06-06,19.3,12:00,c,0.1,1.4487,6006.86,0
2025-06-06,19.3,12:00,c,0.15,1.1706,6006.86,0
2025-06-06,19.3,12:00,c,0.2,0.9547,6006.86,0
2025-06-06,19.3,12:00,c,0.25,0.7792,6006.86,0
2025-06-06,19.3,12:00,c,0.3,0.6164,6006.86,0
2025-05-08,19.81,06:35,p,0.05,3.781,5664.68,0
2025-05-08,19.81,06:35,p,0.1,2.8195,5664.68,0
2025-05-08,19.81,06:35,p,0.15,2.2061,5664.68,0
2025-05-08,19.81,06:35,p,0.2,1.747,5664.68,0
2025-05-08,19.81,06:35,p,0.25,1.3768,5664.68,0
2025-05-08,19.81,06:35,p,0.3,1.0572,5664.68,0
2025-05-08,19.81,06:35,c,0.05,2.9303,5664.68,0
2025-05-08,19.81,06:35,c,0.1,2.2297,5664.68,0
2025-05-08,19.81,06:35,c,0.15,1.8027,5664.68,0
2025-05-08,19.81,06:35,c,0.2,1.4728,5664.68,0
2025-05-08,19.81,06:35,c,0.25,1.1892,5664.68,0
2025-05-08,19.81,06:35,c,0.3,0.9319,5664.68,0
2025-05-08,19.81,08:00,p,0.05,3.889,5642.72,0
2025-05-08,19.81,08:00,p,0.1,2.8913,5642.72,0
2025-05-08,19.81,08:00,p,0.15,2.2604,5642.72,0
2025-05-08,19.81,08:00,p,0.2,1.7933,5642.72,0
2025-05-08,19.81,08:00,p,0.25,1.4229,5642.72,0
2025-05-08,19.81,08:00,p,0.3,1.0962,5642.72,0
2025-05-08,19.81,08:00,c,0.05,3.4053,5642.72,0
2025-05-08,19.81,08:00,c,0.1,2.4812,5642.72,0
2025-05-08,19.81,08:00,c,0.15,1.9625,5642.72,0
2025-05-08,19.81,08:00,c,0.2,1.577,5642.72,0
2025-05-08,19.81,08:00,c,0.25,1.2546,5642.72,0
2025-05-08,19.81,08:00,c,0.3,0.9675,5642.72,0
2025-05-08,19.81,10:00,p,0.05,3.2966,5718.27,0
2025-05-08,19.81,10:00,p,0.1,2.2824,5718.27,0
2025-05-08,19.81,10:00,p,0.15,1.7242,5718.27,0
2025-05-08,19.81,10:00,p,0.2,1.3263,5718.27,0
2025-05-08,19.81,10:00,p,0.25,1.0273,5718.27,0
2025-05-08,19.81,10:00,p,0.3,0.7657,5718.27,0
2025-05-08,19.81,10:00,c,0.05,3.0306,5718.27,0
2025-05-08,19.81,10:00,c,0.1,2.1292,5718.27,0
2025-05-08,19.81,10:00,c,0.15,1.65,5718.27,0
2025-05-08,19.81,10:00,c,0.2,1.3164,5718.27,0
2025-05-08,19.81,10:00,c,0.25,1.0519,5718.27,0
2025-05-08,19.81,10:00,c,0.3,0.8303,5718.27,0
2025-05-08,19.81,12:00,p,0.05,3.0678,5700.67,0
2025-05-08,19.81,12:00,p,0.1,2.0883,5700.67,0
2025-05-08,19.81,12:00,p,0.15,1.5889,5700.67,0
2025-05-08,19.81,12:00,p,0.2,1.2277,5700.67,0
2025-05-08,19.81,12:00,p,0.25,0.9442,5700.67,0
2025-05-08,19.81,12:00,p,0.3,0.7102,5700.67,0
2025-05-08,19.81,12:00,c,0.05,3.0816,5700.67,0
2025-05-08,19.81,12:00,c,0.1,2.1387,5700.67,0
2025-05-08,19.81,12:00,c,0.15,1.649,5700.67,0
2025-05-08,19.81,12:00,c,0.2,1.3184,5700.67,0
2025-05-08,19.81,12:00,c,0.25,1.0518,5700.67,0
2025-05-08,19.81,12:00,c,0.3,0.8204,5700.67,0
2026-03-20,20.86,06:35,p,0.05,2.9764,6578.61,0
2026-03-20,20.86,06:35,p,0.1,2.2707,6578.61,0
2026-03-20,20.86,06:35,p,0.15,1.7898,6578.61,0
2026-03-20,20.86,06:35,p,0.2,1.4581,6578.61,0
2026-03-20,20.86,06:35,p,0.25,1.1682,6578.61,0
2026-03-20,20.86,06:35,p,0.3,0.9193,6578.61,0
2026-03-20,20.86,06:35,c,0.05,2.4093,6578.61,0
2026-03-20,20.86,06:35,c,0.1,1.8252,6578.61,0
2026-03-20,20.86,06:35,c,0.15,1.4497,6578.61,0
2026-03-20,20.86,06:35,c,0.2,1.1493,6578.61,0
2026-03-20,20.86,06:35,c,0.25,0.9352,6578.61,0
2026-03-20,20.86,06:35,c,0.3,0.726,6578.61,0
2026-03-20,20.86,08:00,p,0.05,2.6254,6547.51,0
2026-03-20,20.86,08:00,p,0.1,1.8842,6547.51,0
2026-03-20,20.86,08:00,p,0.15,1.524,6547.51,0
2026-03-20,20.86,08:00,p,0.2,1.2292,6547.51,0
2026-03-20,20.86,08:00,p,0.25,0.9822,6547.51,0
2026-03-20,20.86,08:00,p,0.3,0.7592,6547.51,0
2026-03-20,20.86,08:00,c,0.05,2.3091,6547.51,0
2026-03-20,20.86,08:00,c,0.1,1.6909,6547.51,0
2026-03-20,20.86,08:00,c,0.15,1.3323,6547.51,0
2026-03-20,20.86,08:00,c,0.2,1.0658,6547.51,0
2026-03-20,20.86,08:00,c,0.25,0.856,6547.51,0
2026-03-20,20.86,08:00,c,0.3,0.6536,6547.51,0
2026-03-20,20.86,10:00,p,0.05,2.4944,6553.43,0
2026-03-20,20.86,10:00,p,0.1,1.801,6553.43,0
2026-03-20,20.86,10:00,p,0.15,1.3845,6553.43,0
2026-03-20,20.86,10:00,p,0.2,1.1104,6553.43,0
2026-03-20,20.86,10:00,p,0.25,0.8966,6553.43,0
2026-03-20,20.86,10:00,p,0.3,0.6782,6553.43,0
2026-03-20,20.86,10:00,c,0.05,2.2544,6553.43,0
2026-03-20,20.86,10:00,c,0.1,1.6019,6553.43,0
2026-03-20,20.86,10:00,c,0.15,1.2195,6553.43,0
2026-03-20,20.86,10:00,c,0.2,0.9832,6553.43,0
2026-03-20,20.86,10:00,c,0.25,0.7764,6553.43,0
2026-03-20,20.86,10:00,c,0.3,0.5908,6553.43,0
2026-03-20,20.86,12:00,p,0.05,3.6493,6506.19,0
2026-03-20,20.86,12:00,p,0.1,2.3788,6506.19,0
2026-03-20,20.86,12:00,p,0.15,1.8254,6506.19,0
2026-03-20,20.86,12:00,p,0.2,1.4389,6506.19,0
2026-03-20,20.86,12:00,p,0.25,1.1403,6506.19,0
2026-03-20,20.86,12:00,p,0.3,0.8809,6506.19,0
2026-03-20,20.86,12:00,c,0.05,4.2521,6506.19,0
2026-03-20,20.86,12:00,c,0.1,2.9786,6506.19,0
2026-03-20,20.86,12:00,c,0.15,2.2936,6506.19,0
2026-03-20,20.86,12:00,c,0.2,1.7782,6506.19,0
2026-03-20,20.86,12:00,c,0.25,1.3935,6506.19,0
2026-03-20,20.86,12:00,c,0.3,1.066,6506.19,0
2026-03-19,21.78,06:35,p,0.05,3.2522,6568.24,0
2026-03-19,21.78,06:35,p,0.1,2.5204,6568.24,0
2026-03-19,21.78,06:35,p,0.15,2.0023,6568.24,0
2026-03-19,21.78,06:35,p,0.2,1.66,6568.24,0
2026-03-19,21.78,06:35,p,0.25,1.3185,6568.24,0
2026-03-19,21.78,06:35,p,0.3,1.0233,6568.24,0
2026-03-19,21.78,06:35,c,0.05,2.6289,6568.24,0
2026-03-19,21.78,06:35,c,0.1,2.1214,6568.24,0
2026-03-19,21.78,06:35,c,0.15,1.7144,6568.24,0
2026-03-19,21.78,06:35,c,0.2,1.4341,6568.24,0
2026-03-19,21.78,06:35,c,0.25,1.1632,6568.24,0
2026-03-19,21.78,06:35,c,0.3,0.9299,6568.24,0
2026-03-19,21.78,08:00,p,0.05,2.5138,6586.49,0
2026-03-19,21.78,08:00,p,0.1,1.7792,6586.49,0
2026-03-19,21.78,08:00,p,0.15,1.4223,6586.49,0
2026-03-19,21.78,08:00,p,0.2,1.1043,6586.49,0
2026-03-19,21.78,08:00,p,0.25,0.8757,6586.49,0
2026-03-19,21.78,08:00,p,0.3,0.6596,6586.49,0
2026-03-19,21.78,08:00,c,0.05,2.0928,6586.49,0
2026-03-19,21.78,08:00,c,0.1,1.6155,6586.49,0
2026-03-19,21.78,08:00,c,0.15,1.292,6586.49,0
2026-03-19,21.78,08:00,c,0.2,1.0804,6586.49,0
2026-03-19,21.78,08:00,c,0.25,0.8694,6586.49,0
2026-03-19,21.78,08:00,c,0.3,0.6899,6586.49,0
2026-03-19,21.78,10:00,p,0.05,2.167,6580.17,0
2026-03-19,21.78,10:00,p,0.1,1.5377,6580.17,0
2026-03-19,21.78,10:00,p,0.15,1.1865,6580.17,0
2026-03-19,21.78,10:00,p,0.2,0.9326,6580.17,0
2026-03-19,21.78,10:00,p,0.25,0.7356,6580.17,0
2026-03-19,21.78,10:00,p,0.3,0.5693,6580.17,0
2026-03-19,21.78,10:00,c,0.05,2.0519,6580.17,0
2026-03-19,21.78,10:00,c,0.1,1.462,6580.17,0
2026-03-19,21.78,10:00,c,0.15,1.1707,6580.17,0
2026-03-19,21.78,10:00,c,0.2,0.9663,6580.17,0
2026-03-19,21.78,10:00,c,0.25,0.7615,6580.17,0
2026-03-19,21.78,10:00,c,0.3,0.5952,6580.17,0
2026-03-19,21.78,12:00,p,0.05,2.6864,6592.81,0
2026-03-19,21.78,12:00,p,0.1,2.0079,6592.81,0
2026-03-19,21.78,12:00,p,0.15,1.5854,6592.81,0
2026-03-19,21.78,12:00,p,0.2,1.2573,6592.81,0
2026-03-19,21.78,12:00,p,0.25,1.0097,6592.81,0
2026-03-19,21.78,12:00,p,0.3,0.7911,6592.81,0
2026-03-19,21.78,12:00,c,0.05,2.4187,6592.81,0
2026-03-19,21.78,12:00,c,0.1,1.665,6592.81,0
2026-03-19,21.78,12:00,c,0.15,1.3046,6592.81,0
2026-03-19,21.78,12:00,c,0.2,1.0031,6592.81,0
2026-03-19,21.78,12:00,c,0.25,0.7767,6592.81,0
2026-03-19,21.78,12:00,c,0.3,0.6043,6592.81,0
2025-06-20,22.32,06:35,p,0.05,2.3084,6006.56,0
2025-06-20,22.32,06:35,p,0.1,1.667,6006.56,0
2025-06-20,22.32,06:35,p,0.15,1.3003,6006.56,0
2025-06-20,22.32,06:35,p,0.2,1.0303,6006.56,0
2025-06-20,22.32,06:35,p,0.25,0.8149,6006.56,0
2025-06-20,22.32,06:35,p,0.3,0.6286,6006.56,0
2025-06-20,22.32,06:35,c,0.05,1.5372,6006.56,0
2025-06-20,22.32,06:35,c,0.1,1.1776,6006.56,0
2025-06-20,22.32,06:35,c,0.15,0.9499,6006.56,0
2025-06-20,22.32,06:35,c,0.2,0.7673,6006.56,0
2025-06-20,22.32,06:35,c,0.25,0.6158,6006.56,0
2025-06-20,22.32,06:35,c,0.3,0.4734,6006.56,0
2025-06-20,22.32,08:00,p,0.05,2.5864,5967.56,0
2025-06-20,22.32,08:00,p,0.1,1.82,5967.56,0
2025-06-20,22.32,08:00,p,0.15,1.4136,5967.56,0
2025-06-20,22.32,08:00,p,0.2,1.1067,5967.56,0
2025-06-20,22.32,08:00,p,0.25,0.8738,5967.56,0
2025-06-20,22.32,08:00,p,0.3,0.6685,5967.56,0
2025-06-20,22.32,08:00,c,0.05,1.9845,5967.56,0
2025-06-20,22.32,08:00,c,0.1,1.4875,5967.56,0
2025-06-20,22.32,08:00,c,0.15,1.1921,5967.56,0
2025-06-20,22.32,08:00,c,0.2,0.97,5967.56,0
2025-06-20,22.32,08:00,c,0.25,0.7784,5967.56,0
2025-06-20,22.32,08:00,c,0.3,0.611,5967.56,0
2025-06-20,22.32,10:00,p,0.05,2.0765,5976.38,0
2025-06-20,22.32,10:00,p,0.1,1.4083,5976.38,0
2025-06-20,22.32,10:00,p,0.15,1.0549,5976.38,0
2025-06-20,22.32,10:00,p,0.2,0.796,5976.38,0
2025-06-20,22.32,10:00,p,0.25,0.5892,5976.38,0
2025-06-20,22.32,10:00,p,0.3,0.413,5976.38,0
2025-06-20,22.32,10:00,c,0.05,1.7754,5976.38,0
2025-06-20,22.32,10:00,c,0.1,1.3583,5976.38,0
2025-06-20,22.32,10:00,c,0.15,1.1169,5976.38,0
2025-06-20,22.32,10:00,c,0.2,0.9309,5976.38,0
2025-06-20,22.32,10:00,c,0.25,0.7741,5976.38,0
2025-06-20,22.32,10:00,c,0.3,0.6359,5976.38,0
2025-06-20,22.32,12:00,p,0.05,2.8102,5959.36,0
2025-06-20,22.32,12:00,p,0.1,1.8838,5959.36,0
2025-06-20,22.32,12:00,p,0.15,1.3928,5959.36,0
2025-06-20,22.32,12:00,p,0.2,1.0757,5959.36,0
2025-06-20,22.32,12:00,p,0.25,0.8375,5959.36,0
2025-06-20,22.32,12:00,p,0.3,0.6261,5959.36,0
2025-06-20,22.32,12:00,c,0.05,2.0176,5959.36,0
2025-06-20,22.32,12:00,c,0.1,1.476,5959.36,0
2025-06-20,22.32,12:00,c,0.15,1.1809,5959.36,0
2025-06-20,22.32,12:00,c,0.2,0.962,5959.36,0
2025-06-20,22.32,12:00,c,0.25,0.7693,5959.36,0
2025-06-20,22.32,12:00,c,0.3,0.6105,5959.36,0
2026-04-02,23.25,06:35,p,0.05,2.8003,6493.95,0
2026-04-02,23.25,06:35,p,0.1,1.9985,6493.95,0
2026-04-02,23.25,06:35,p,0.15,1.5617,6493.95,0
2026-04-02,23.25,06:35,p,0.2,1.2356,6493.95,0
2026-04-02,23.25,06:35,p,0.25,0.9679,6493.95,0
2026-04-02,23.25,06:35,p,0.3,0.7329,6493.95,0
2026-04-02,23.25,06:35,c,0.05,2.248,6493.95,0
2026-04-02,23.25,06:35,c,0.1,1.6911,6493.95,0
2026-04-02,23.25,06:35,c,0.15,1.3719,6493.95,0
2026-04-02,23.25,06:35,c,0.2,1.1076,6493.95,0
2026-04-02,23.25,06:35,c,0.25,0.9137,6493.95,0
2026-04-02,23.25,06:35,c,0.3,0.7195,6493.95,0
2026-04-02,23.25,08:00,p,0.05,3.7331,6578.48,0
2026-04-02,23.25,08:00,p,0.1,2.5852,6578.48,0
2026-04-02,23.25,08:00,p,0.15,1.9601,6578.48,0
2026-04-02,23.25,08:00,p,0.2,1.5053,6578.48,0
2026-04-02,23.25,08:00,p,0.25,1.1643,6578.48,0
2026-04-02,23.25,08:00,p,0.3,0.8862,6578.48,0
2026-04-02,23.25,08:00,c,0.05,2.3968,6578.48,0
2026-04-02,23.25,08:00,c,0.1,1.8008,6578.48,0
2026-04-02,23.25,08:00,c,0.15,1.4178,6578.48,0
2026-04-02,23.25,08:00,c,0.2,1.1582,6578.48,0
2026-04-02,23.25,08:00,c,0.25,0.9264,6578.48,0
2026-04-02,23.25,08:00,c,0.3,0.7145,6578.48,0
2026-04-02,23.25,10:00,p,0.05,3.1639,6560.17,0
2026-04-02,23.25,10:00,p,0.1,2.2048,6560.17,0
2026-04-02,23.25,10:00,p,0.15,1.6902,6560.17,0
2026-04-02,23.25,10:00,p,0.2,1.2721,6560.17,0
2026-04-02,23.25,10:00,p,0.25,1.0154,6560.17,0
2026-04-02,23.25,10:00,p,0.3,0.7659,6560.17,0
2026-04-02,23.25,10:00,c,0.05,2.092,6560.17,0
2026-04-02,23.25,10:00,c,0.1,1.5292,6560.17,0
2026-04-02,23.25,10:00,c,0.15,1.2102,6560.17,0
2026-04-02,23.25,10:00,c,0.2,0.9819,6560.17,0
2026-04-02,23.25,10:00,c,0.25,0.7814,6560.17,0
2026-04-02,23.25,10:00,c,0.3,0.6014,6560.17,0
2026-04-02,23.25,12:00,p,0.05,2.6705,6568.84,0
2026-04-02,23.25,12:00,p,0.1,1.8612,6568.84,0
2026-04-02,23.25,12:00,p,0.15,1.4166,6568.84,0
2026-04-02,23.25,12:00,p,0.2,1.1063,6568.84,0
2026-04-02,23.25,12:00,p,0.25,0.8649,6568.84,0
2026-04-02,23.25,12:00,p,0.3,0.6619,6568.84,0
2026-04-02,23.25,12:00,c,0.05,2.1771,6568.84,0
2026-04-02,23.25,12:00,c,0.1,1.4845,6568.84,0
2026-04-02,23.25,12:00,c,0.15,1.1261,6568.84,0
2026-04-02,23.25,12:00,c,0.2,0.8742,6568.84,0
2026-04-02,23.25,12:00,c,0.25,0.6707,6568.84,0
2026-04-02,23.25,12:00,c,0.3,0.5126,6568.84,0
2025-03-10,24.37,06:35,p,0.05,3.5567,5678.93,0
2025-03-10,24.37,06:35,p,0.1,2.8032,5678.93,0
2025-03-10,24.37,06:35,p,0.15,2.3011,5678.93,0
2025-03-10,24.37,06:35,p,0.2,1.8934,5678.93,0
2025-03-10,24.37,06:35,p,0.25,1.5384,5678.93,0
2025-03-10,24.37,06:35,p,0.3,1.2198,5678.93,0
2025-03-10,24.37,06:35,c,0.05,3.4436,5678.93,0
2025-03-10,24.37,06:35,c,0.1,2.6513,5678.93,0
2025-03-10,24.37,06:35,c,0.15,2.1225,5678.93,0
2025-03-10,24.37,06:35,c,0.2,1.7099,5678.93,0
2025-03-10,24.37,06:35,c,0.25,1.3569,5678.93,0
2025-03-10,24.37,06:35,c,0.3,1.0392,5678.93,0
2025-03-10,24.37,08:00,p,0.05,2.9696,5647.33,0
2025-03-10,24.37,08:00,p,0.1,2.2711,5647.33,0
2025-03-10,24.37,08:00,p,0.15,1.8204,5647.33,0
2025-03-10,24.37,08:00,p,0.2,1.4738,5647.33,0
2025-03-10,24.37,08:00,p,0.25,1.1726,5647.33,0
2025-03-10,24.37,08:00,p,0.3,0.8992,5647.33,0
2025-03-10,24.37,08:00,c,0.05,4.1257,5647.33,0
2025-03-10,24.37,08:00,c,0.1,3.0447,5647.33,0
2025-03-10,24.37,08:00,c,0.15,2.3727,5647.33,0
2025-03-10,24.37,08:00,c,0.2,1.8806,5647.33,0
2025-03-10,24.37,08:00,c,0.25,1.4843,5647.33,0
2025-03-10,24.37,08:00,c,0.3,1.1461,5647.33,0
2025-03-10,24.37,10:00,p,0.05,2.9281,5637.75,0
2025-03-10,24.37,10:00,p,0.1,2.2417,5637.75,0
2025-03-10,24.37,10:00,p,0.15,1.7819,5637.75,0
2025-03-10,24.37,10:00,p,0.2,1.4128,5637.75,0
2025-03-10,24.37,10:00,p,0.25,1.1031,5637.75,0
2025-03-10,24.37,10:00,p,0.3,0.8329,5637.75,0
2025-03-10,24.37,10:00,c,0.05,4.2988,5637.75,0
2025-03-10,24.37,10:00,c,0.1,3.1791,5637.75,0
2025-03-10,24.37,10:00,c,0.15,2.4695,5637.75,0
2025-03-10,24.37,10:00,c,0.2,1.9674,5637.75,0
2025-03-10,24.37,10:00,c,0.25,1.5711,5637.75,0
2025-03-10,24.37,10:00,c,0.3,1.2281,5637.75,0
2025-03-10,24.37,12:00,p,0.05,3.5517,5580.51,0
2025-03-10,24.37,12:00,p,0.1,2.4701,5580.51,0
2025-03-10,24.37,12:00,p,0.15,1.8597,5580.51,0
2025-03-10,24.37,12:00,p,0.2,1.3985,5580.51,0
2025-03-10,24.37,12:00,p,0.25,1.031,5580.51,0
2025-03-10,24.37,12:00,p,0.3,0.7193,5580.51,0
2025-03-10,24.37,12:00,c,0.05,4.8774,5580.51,0
2025-03-10,24.37,12:00,c,0.1,3.5212,5580.51,0
2025-03-10,24.37,12:00,c,0.15,2.7729,5580.51,0
2025-03-10,24.37,12:00,c,0.2,2.2463,5580.51,0
2025-03-10,24.37,12:00,c,0.25,1.8301,5580.51,0
2025-03-10,24.37,12:00,c,0.3,1.4762,5580.51,0
2025-11-20,26.05,06:35,p,0.05,2.4121,6748.91,0
2025-11-20,26.05,06:35,p,0.1,1.7724,6748.91,0
2025-11-20,26.05,06:35,p,0.15,1.339,6748.91,0
2025-11-20,26.05,06:35,p,0.2,1.0757,6748.91,0
2025-11-20,26.05,06:35,p,0.25,0.8326,6748.91,0
2025-11-20,26.05,06:35,p,0.3,0.6526,6748.91,0
2025-11-20,26.05,06:35,c,0.05,1.5453,6748.91,0
2025-11-20,26.05,06:35,c,0.1,1.2144,6748.91,0
2025-11-20,26.05,06:35,c,0.15,1.0022,6748.91,0
2025-11-20,26.05,06:35,c,0.2,0.8515,6748.91,0
2025-11-20,26.05,06:35,c,0.25,0.6931,6748.91,0
2025-11-20,26.05,06:35,c,0.3,0.5465,6748.91,0
2025-11-20,26.05,08:00,p,0.05,2.7073,6743.13,0
2025-11-20,26.05,08:00,p,0.1,1.8564,6743.13,0
2025-11-20,26.05,08:00,p,0.15,1.4042,6743.13,0
2025-11-20,26.05,08:00,p,0.2,1.09,6743.13,0
2025-11-20,26.05,08:00,p,0.25,0.8529,6743.13,0
2025-11-20,26.05,08:00,p,0.3,0.6431,6743.13,0
2025-11-20,26.05,08:00,c,0.05,1.3557,6743.13,0
2025-11-20,26.05,08:00,c,0.1,1.0806,6743.13,0
2025-11-20,26.05,08:00,c,0.15,0.8877,6743.13,0
2025-11-20,26.05,08:00,c,0.2,0.7328,6743.13,0
2025-11-20,26.05,08:00,c,0.25,0.5982,6743.13,0
2025-11-20,26.05,08:00,c,0.3,0.4724,6743.13,0
2025-11-20,26.05,10:00,p,0.05,4.3806,6586.96,0
2025-11-20,26.05,10:00,p,0.1,3.0509,6586.96,0
2025-11-20,26.05,10:00,p,0.15,2.3109,6586.96,0
2025-11-20,26.05,10:00,p,0.2,1.8245,6586.96,0
2025-11-20,26.05,10:00,p,0.25,1.4685,6586.96,0
2025-11-20,26.05,10:00,p,0.3,1.1251,6586.96,0
2025-11-20,26.05,10:00,c,0.05,3.9189,6586.96,0
2025-11-20,26.05,10:00,c,0.1,2.8817,6586.96,0
2025-11-20,26.05,10:00,c,0.15,2.3196,6586.96,0
2025-11-20,26.05,10:00,c,0.2,1.8658,6586.96,0
2025-11-20,26.05,10:00,c,0.25,1.4923,6586.96,0
2025-11-20,26.05,10:00,c,0.3,1.1628,6586.96,0
2025-11-20,26.05,12:00,p,0.05,3.3673,6595.87,0
2025-11-20,26.05,12:00,p,0.1,2.4395,6595.87,0
2025-11-20,26.05,12:00,p,0.15,1.9306,6595.87,0
2025-11-20,26.05,12:00,p,0.2,1.5526,6595.87,0
2025-11-20,26.05,12:00,p,0.25,1.2784,6595.87,0
2025-11-20,26.05,12:00,p,0.3,1.0156,6595.87,0
2025-11-20,26.05,12:00,c,0.05,3.5349,6595.87,0
2025-11-20,26.05,12:00,c,0.1,2.7216,6595.87,0
2025-11-20,26.05,12:00,c,0.15,2.2052,6595.87,0
2025-11-20,26.05,12:00,c,0.2,1.7572,6595.87,0
2025-11-20,26.05,12:00,c,0.25,1.4042,6595.87,0
2025-11-20,26.05,12:00,c,0.3,1.1085,6595.87,0
2025-03-11,28.46,06:35,p,0.05,3.4318,5597.1,0
2025-03-11,28.46,06:35,p,0.1,2.5917,5597.1,0
2025-03-11,28.46,06:35,p,0.15,2.0467,5597.1,0
2025-03-11,28.46,06:35,p,0.2,1.6227,5597.1,0
2025-03-11,28.46,06:35,p,0.25,1.2682,5597.1,0
2025-03-11,28.46,06:35,p,0.3,0.9553,5597.1,0
2025-03-11,28.46,06:35,c,0.05,3.2251,5597.1,0
2025-03-11,28.46,06:35,c,0.1,2.5298,5597.1,0
2025-03-11,28.46,06:35,c,0.15,2.0657,5597.1,0
2025-03-11,28.46,06:35,c,0.2,1.7004,5597.1,0
2025-03-11,28.46,06:35,c,0.25,1.3882,5597.1,0
2025-03-11,28.46,06:35,c,0.3,1.1072,5597.1,0
2025-03-11,28.46,08:00,p,0.05,2.8123,5555.61,0
2025-03-11,28.46,08:00,p,0.1,2.1194,5555.61,0
2025-03-11,28.46,08:00,p,0.15,1.6421,5555.61,0
2025-03-11,28.46,08:00,p,0.2,1.2804,5555.61,0
2025-03-11,28.46,08:00,p,0.25,0.9645,5555.61,0
2025-03-11,28.46,08:00,p,0.3,0.682,5555.61,0
2025-03-11,28.46,08:00,c,0.05,3.4357,5555.61,0
2025-03-11,28.46,08:00,c,0.1,2.6793,5555.61,0
2025-03-11,28.46,08:00,c,0.15,2.1952,5555.61,0
2025-03-11,28.46,08:00,c,0.2,1.8212,5555.61,0
2025-03-11,28.46,08:00,c,0.25,1.5059,5555.61,0
2025-03-11,28.46,08:00,c,0.3,1.2282,5555.61,0
2025-03-11,28.46,10:00,p,0.05,3.1283,5551.06,0
2025-03-11,28.46,10:00,p,0.1,2.436,5551.06,0
2025-03-11,28.46,10:00,p,0.15,1.9643,5551.06,0
2025-03-11,28.46,10:00,p,0.2,1.5879,5551.06,0
2025-03-11,28.46,10:00,p,0.25,1.2732,5551.06,0
2025-03-11,28.46,10:00,p,0.3,0.9961,5551.06,0
2025-03-11,28.46,10:00,c,0.05,3.1934,5551.06,0
2025-03-11,28.46,10:00,c,0.1,2.4115,5551.06,0
2025-03-11,28.46,10:00,c,0.15,1.9051,5551.06,0
2025-03-11,28.46,10:00,c,0.2,1.5162,5551.06,0
2025-03-11,28.46,10:00,c,0.25,1.1962,5551.06,0
2025-03-11,28.46,10:00,c,0.3,0.9111,5551.06,0
2025-03-11,28.46,12:00,p,0.05,4.0225,5623.47,0
2025-03-11,28.46,12:00,p,0.1,2.9405,5623.47,0
2025-03-11,28.46,12:00,p,0.15,2.2835,5623.47,0
2025-03-11,28.46,12:00,p,0.2,1.8075,5623.47,0
2025-03-11,28.46,12:00,p,0.25,1.4121,5623.47,0
2025-03-11,28.46,12:00,p,0.3,1.0675,5623.47,0
2025-03-11,28.46,12:00,c,0.05,3.8736,5623.47,0
2025-03-11,28.46,12:00,c,0.1,3.0086,5623.47,0
2025-03-11,28.46,12:00,c,0.15,2.4356,5623.47,0
2025-03-11,28.46,12:00,c,0.2,1.9906,5623.47,0
2025-03-11,28.46,12:00,c,0.25,1.6114,5623.47,0
2025-03-11,28.46,12:00,c,0.3,1.2748,5623.47,0
2026-03-23,29.74,06:35,p,0.05,2.6986,6592.59,0
2026-03-23,29.74,06:35,p,0.1,2.0044,6592.59,0
2026-03-23,29.74,06:35,p,0.15,1.5534,6592.59,0
2026-03-23,29.74,06:35,p,0.2,1.2369,6592.59,0
2026-03-23,29.74,06:35,p,0.25,0.9724,6592.59,0
2026-03-23,29.74,06:35,p,0.3,0.746,6592.59,0
2026-03-23,29.74,06:35,c,0.05,2.1942,6592.59,0
2026-03-23,29.74,06:35,c,0.1,1.679,6592.59,0
2026-03-23,29.74,06:35,c,0.15,1.3482,6592.59,0
2026-03-23,29.74,06:35,c,0.2,1.0959,6592.59,0
2026-03-23,29.74,06:35,c,0.25,0.8878,6592.59,0
2026-03-23,29.74,06:35,c,0.3,0.6958,6592.59,0
2026-03-23,29.74,08:00,p,0.05,2.2003,6636.52,0
2026-03-23,29.74,08:00,p,0.1,1.498,6636.52,0
2026-03-23,29.74,08:00,p,0.15,1.1348,6636.52,0
2026-03-23,29.74,08:00,p,0.2,0.8952,6636.52,0
2026-03-23,29.74,08:00,p,0.25,0.6725,6636.52,0
2026-03-23,29.74,08:00,p,0.3,0.4989,6636.52,0
2026-03-23,29.74,08:00,c,0.05,1.4763,6636.52,0
2026-03-23,29.74,08:00,c,0.1,1.1041,6636.52,0
2026-03-23,29.74,08:00,c,0.15,0.8435,6636.52,0
2026-03-23,29.74,08:00,c,0.2,0.6816,6636.52,0
2026-03-23,29.74,08:00,c,0.25,0.5563,6636.52,0
2026-03-23,29.74,08:00,c,0.3,0.4399,6636.52,0
2026-03-23,29.74,10:00,p,0.05,2.6045,6581.57,0
2026-03-23,29.74,10:00,p,0.1,1.7059,6581.57,0
2026-03-23,29.74,10:00,p,0.15,1.3312,6581.57,0
2026-03-23,29.74,10:00,p,0.2,0.9956,6581.57,0
2026-03-23,29.74,10:00,p,0.25,0.7607,6581.57,0
2026-03-23,29.74,10:00,p,0.3,0.6174,6581.57,0
2026-03-23,29.74,10:00,c,0.05,1.8152,6581.57,0
2026-03-23,29.74,10:00,c,0.1,1.3482,6581.57,0
2026-03-23,29.74,10:00,c,0.15,1.1336,6581.57,0
2026-03-23,29.74,10:00,c,0.2,0.9263,6581.57,0
2026-03-23,29.74,10:00,c,0.25,0.7332,6581.57,0
2026-03-23,29.74,10:00,c,0.3,0.5825,6581.57,0
2026-03-23,29.74,12:00,p,0.05,1.8999,6615.63,0
2026-03-23,29.74,12:00,p,0.1,1.3742,6615.63,0
2026-03-23,29.74,12:00,p,0.15,1.0671,6615.63,0
2026-03-23,29.74,12:00,p,0.2,0.8464,6615.63,0
2026-03-23,29.74,12:00,p,0.25,0.666,6615.63,0
2026-03-23,29.74,12:00,p,0.3,0.5091,6615.63,0
2026-03-23,29.74,12:00,c,0.05,1.7883,6615.63,0
2026-03-23,29.74,12:00,c,0.1,1.262,6615.63,0
2026-03-23,29.74,12:00,c,0.15,0.9602,6615.63,0
2026-03-23,29.74,12:00,c,0.2,0.7597,6615.63,0
2026-03-23,29.74,12:00,c,0.25,0.6076,6615.63,0
2026-03-23,29.74,12:00,c,0.3,0.4794,6615.63,0
2025-04-04,32.35,06:35,p,0.05,4.98,5253.41,0
2025-04-04,32.35,06:35,p,0.1,3.7458,5253.41,0
2025-04-04,32.35,06:35,p,0.15,2.9942,5253.41,0
2025-04-04,32.35,06:35,p,0.2,2.407,5253.41,0
2025-04-04,32.35,06:35,p,0.25,1.9004,5253.41,0
2025-04-04,32.35,06:35,p,0.3,1.4643,5253.41,0
2025-04-04,32.35,06:35,c,0.15,2.4668,5253.41,0
2025-04-04,32.35,06:35,c,0.2,1.9848,5253.41,0
2025-04-04,32.35,06:35,c,0.25,1.581,5253.41,0
2025-04-04,32.35,06:35,c,0.3,1.2238,5253.41,0
2025-04-04,32.35,08:00,p,0.1,3.5509,5172.7,0
2025-04-04,32.35,08:00,p,0.15,2.6733,5172.7,0
2025-04-04,32.35,08:00,p,0.2,2.0562,5172.7,0
2025-04-04,32.35,08:00,p,0.25,1.5652,5172.7,0
2025-04-04,32.35,08:00,p,0.3,1.1412,5172.7,0
2025-04-04,32.35,08:00,c,0.05,4.6043,5172.7,0
2025-04-04,32.35,08:00,c,0.1,3.5519,5172.7,0
2025-04-04,32.35,08:00,c,0.15,2.8947,5172.7,0
2025-04-04,32.35,08:00,c,0.2,2.3935,5172.7,0
2025-04-04,32.35,08:00,c,0.25,1.9665,5172.7,0
2025-04-04,32.35,08:00,c,0.3,1.5802,5172.7,0
2025-04-04,32.35,10:00,p,0.05,4.2195,5139.49,0
2025-04-04,32.35,10:00,p,0.1,2.9678,5139.49,0
2025-04-04,32.35,10:00,p,0.15,2.2653,5139.49,0
2025-04-04,32.35,10:00,p,0.2,1.7522,5139.49,0
2025-04-04,32.35,10:00,p,0.25,1.3301,5139.49,0
2025-04-04,32.35,10:00,p,0.3,0.9603,5139.49,0
2025-04-04,32.35,10:00,c,0.05,4.7476,5139.49,0
2025-04-04,32.35,10:00,c,0.1,3.5346,5139.49,0
2025-04-04,32.35,10:00,c,0.15,2.8329,5139.49,0
2025-04-04,32.35,10:00,c,0.2,2.313,5139.49,0
2025-04-04,32.35,10:00,c,0.25,1.8793,5139.49,0
2025-04-04,32.35,10:00,c,0.3,1.5035,5139.49,0
2025-04-04,32.35,12:00,p,0.1,4.9181,5095.94,0
2025-04-04,32.35,12:00,p,0.15,3.6848,5095.94,0
2025-04-04,32.35,12:00,p,0.2,2.8722,5095.94,0
2025-04-04,32.35,12:00,p,0.25,2.2387,5095.94,0
2025-04-04,32.35,12:00,p,0.3,1.716,5095.94,0
2025-04-04,32.35,12:00,c,0.05,5.3814,5095.94,0
2025-04-04,32.35,12:00,c,0.1,3.7501,5095.94,0
2025-04-04,32.35,12:00,c,0.15,2.8579,5095.94,0
2025-04-04,32.35,12:00,c,0.2,2.2373,5095.94,0
2025-04-04,32.35,12:00,c,0.25,1.7487,5095.94,0
2025-04-04,32.35,12:00,c,0.3,1.3226,5095.94,0
2025-04-08,69.36,06:35,p,0.05,2.8661,5224.48,0
2025-04-08,69.36,06:35,p,0.1,2.1095,5224.48,0
2025-04-08,69.36,06:35,p,0.15,1.644,5224.48,0
2025-04-08,69.36,06:35,p,0.2,1.2963,5224.48,0
2025-04-08,69.36,06:35,p,0.25,1.0117,5224.48,0
2025-04-08,69.36,06:35,p,0.3,0.7664,5224.48,0
2025-04-08,69.36,06:35,c,0.2,1.1051,5224.48,0
2025-04-08,69.36,06:35,c,0.25,0.9034,5224.48,0
2025-04-08,69.36,06:35,c,0.3,0.7179,5224.48,0
2025-04-08,69.36,08:00,p,0.05,2.7961,5197.45,0
2025-04-08,69.36,08:00,p,0.1,1.8439,5197.45,0
2025-04-08,69.36,08:00,p,0.15,1.3496,5197.45,0
2025-04-08,69.36,08:00,p,0.2,1.0197,5197.45,0
2025-04-08,69.36,08:00,p,0.25,0.7694,5197.45,0
2025-04-08,69.36,08:00,p,0.3,0.5636,5197.45,0
2025-04-08,69.36,08:00,c,0.05,1.7898,5197.45,0
2025-04-08,69.36,08:00,c,0.1,1.3982,5197.45,0
2025-04-08,69.36,08:00,c,0.15,1.1387,5197.45,0
2025-04-08,69.36,08:00,c,0.2,0.9401,5197.45,0
2025-04-08,69.36,08:00,c,0.25,0.7676,5197.45,0
2025-04-08,69.36,08:00,c,0.3,0.6149,5197.45,0
2025-04-08,69.36,10:00,p,0.1,2.3205,5089.73,0
2025-04-08,69.36,10:00,p,0.15,1.7225,5089.73,0
2025-04-08,69.36,10:00,p,0.2,1.2978,5089.73,0
2025-04-08,69.36,10:00,p,0.25,0.967,5089.73,0
2025-04-08,69.36,10:00,p,0.3,0.6917,5089.73,0
2025-04-08,69.36,10:00,c,0.05,2.6373,5089.73,0
2025-04-08,69.36,10:00,c,0.1,2.0492,5089.73,0
2025-04-08,69.36,10:00,c,0.15,1.6687,5089.73,0
2025-04-08,69.36,10:00,c,0.2,1.3799,5089.73,0
2025-04-08,69.36,10:00,c,0.25,1.1323,5089.73,0
2025-04-08,69.36,10:00,c,0.3,0.9147,5089.73,0
2025-04-08,69.36,12:00,p,0.05,3.2342,5035.47,0
2025-04-08,69.36,12:00,p,0.1,2.2851,5035.47,0
2025-04-08,69.36,12:00,p,0.15,1.7364,5035.47,0
2025-04-08,69.36,12:00,p,0.2,1.3474,5035.47,0
2025-04-08,69.36,12:00,p,0.25,1.0448,5035.47,0
2025-04-08,69.36,12:00,p,0.3,0.7847,5035.47,0
2025-04-08,69.36,12:00,c,0.05,2.7635,5035.47,0
2025-04-08,69.36,12:00,c,0.1,2.1061,5035.47,0
2025-04-08,69.36,12:00,c,0.15,1.6799,5035.47,0
2025-04-08,69.36,12:00,c,0.2,1.3599,5035.47,0
2025-04-08,69.36,12:00,c,0.25,1.0917,5035.47,0
2025-04-08,69.36,12:00,c,0.3,0.8563,5035.47,0
2025-04-07,74.77,06:35,p,0.25,1.1938,4890.24,0
2025-04-07,74.77,06:35,p,0.3,0.9164,4890.24,0
2025-04-07,74.77,06:35,c,0.05,2.8558,4890.24,0
2025-04-07,74.77,06:35,c,0.1,2.223,4890.24,0
2025-04-07,74.77,06:35,c,0.15,1.8099,4890.24,0
2025-04-07,74.77,06:35,c,0.2,1.4825,4890.24,0
2025-04-07,74.77,06:35,c,0.25,1.1998,4890.24,0
2025-04-07,74.77,06:35,c,0.3,0.9441,4890.24,0
2025-04-07,74.77,08:00,p,0.1,2.652,5077.16,0
2025-04-07,74.77,08:00,p,0.15,2.076,5077.16,0
2025-04-07,74.77,08:00,p,0.2,1.6489,5077.16,0
2025-04-07,74.77,08:00,p,0.25,1.3004,5077.16,0
2025-04-07,74.77,08:00,p,0.3,0.9993,5077.16,0
2025-04-07,74.77,08:00,c,0.25,1.2564,5077.16,0
2025-04-07,74.77,08:00,c,0.3,0.9675,5077.16,0
2025-04-07,74.77,10:00,p,0.1,2.3262,4975.06,0
2025-04-07,74.77,10:00,p,0.15,1.8246,4975.06,0
2025-04-07,74.77,10:00,p,0.2,1.4602,4975.06,0
2025-04-07,74.77,10:00,p,0.25,1.165,4975.06,0
2025-04-07,74.77,10:00,p,0.3,0.9086,4975.06,0
2025-04-07,74.77,10:00,c,0.05,3.0213,4975.06,0
2025-04-07,74.77,10:00,c,0.1,2.1986,4975.06,0
2025-04-07,74.77,10:00,c,0.15,1.7132,4975.06,0
2025-04-07,74.77,10:00,c,0.2,1.3584,4975.06,0
2025-04-07,74.77,10:00,c,0.25,1.0682,4975.06,0
2025-04-07,74.77,10:00,c,0.3,0.8147,4975.06,0
2025-04-07,74.77,12:00,p,0.05,3.4231,5049.56,0
2025-04-07,74.77,12:00,p,0.1,2.4547,5049.56,0
2025-04-07,74.77,12:00,p,0.15,1.9029,5049.56,0
2025-04-07,74.77,12:00,p,0.2,1.4977,5049.56,0
2025-04-07,74.77,12:00,p,0.25,1.1677,5049.56,0
2025-04-07,74.77,12:00,p,0.3,0.8831,5049.56,0
2025-04-07,74.77,12:00,c,0.05,3.5705,5049.56,0
2025-04-07,74.77,12:00,c,0.1,2.6007,5049.56,0
2025-04-07,74.77,12:00,c,0.15,2.02,5049.56,0
2025-04-07,74.77,12:00,c,0.2,1.6051,5049.56,0
2025-04-07,74.77,12:00,c,0.25,1.2723,5049.56,0
2025-04-07,74.77,12:00,c,0.3,0.9872,5049.56,0
